gene_id,gene_length,gene_gccount,gene_complexity,gene_score,gene_exon_nonconstit_percent,exon_count,mean_exon_length,median_exon_length,sd_exon_length,mean_exon_complexity,median_exon_complexity,sd_exon_complexity,mean_exon_gccount,median_exon_gccount,sd_exon_gccount,mean_exon_score,median_exon_score,sd_exon_score,transcript_count,mean_trans_exon_nonconstit_percent,median_trans_exon_nonconstit_percent,sd_trans_exon_nonconstit_percent,mean_distance_between_exons,median_distance_between_exons,sd_distance_between_exons,mean_exons_per_trans,median_exons_per_trans,sd_exons_per_trans,mean_trans_length,median_trans_length,sd_trans_length,mean_trans_gccount,median_trans_gccount,sd_trans_gccount,mean_trans_complexity,median_trans_complexity,sd_trans_complexity,mean_3utr_complexity,median_3utr_complexity,sd_3utr_complexity,mean_5utr_complexity,median_5utr_complexity,sd_5utr_complexity,mean_trans_score,median_trans_score,sd_trans_score,mean_5utr_score,median_5utr_score,sd_5utr_score,mean_3utr_score,median_3utr_score,sd_3utr_score,mean_5utr_length,median_5utr_length,sd_5utr_length,mean_5utr_gccount,median_5utr_gccount,sd_5utr_gccount,mean_3utr_length,median_3utr_length,sd_3utr_length,mean_3utr_gccount,median_3utr_gccount,sd_3utr_gccount,error_level
ENSG00000149294,317190,132285,999.921396272425,505.859375,100.0,97,299.1752577319587,170.0,540.3159378685556,701.5434674280349,744.6806184796081,182.44439542769254,145.44329896907215,85.0,242.51043659123224,512.7657860824743,498.046875,74.55052255540208,30,100.0,100.0,0.0,16390.556737588646,1833.0,49932.237023840134,10.4,8.5,7.384046176117434,2153.4666666666667,1341.5,1942.0002793659612,1098.1666666666665,683.5,959.145024571842,928.9382258808862,937.7347977102866,40.27021924279724,454.01088877009227,599.412426075681,441.95073109949203,346.73760054902016,0.0,404.28239998881276,513.1510416666666,510.7421875,19.658350809651257,222.13541666666669,0.0,258.7760032150074,271.35416666666663,493.1640625,258.3720810755669,112.6,0.0,142.69272508822394,66.3,0.0,84.25787592369282,676.6,74.0,1103.0781883688808,293.3666666666666,31.5,480.2784740582052,high
ENSG00000197375,25863,12497,995.7392700049279,531.25,100.0,36,548.111111111111,163.5,1074.1182903141075,747.8735806797288,738.475436335566,147.63110511988842,266.3611111111111,82.5,487.1712021032546,497.0703125,494.140625,24.329653188538334,9,100.0,100.0,0.0,2189.68,1526.0,2671.9419402833028,6.555555555555555,6.0,2.7436796055257213,2565.777777777778,998.0,3163.912679649115,1261.111111111111,523.0,1463.1707388787922,934.3936263505734,924.3885227377484,35.379259561890926,395.00826028608657,0.0,469.1619385070322,151.53236218692956,0.0,304.8828790529612,500.43402777777777,511.71875,26.90031372542848,114.36631944444444,0.0,226.94335729721737,208.76736111111111,0.0,247.59941424970032,32.66666666666667,0.0,74.63745708422815,25.11111111111111,0.0,56.673283927359556,335.66666666666663,0.0,486.1167555227859,156.88888888888889,0.0,213.84015317781436,high
ENSG00000159214,5170,2996,977.9962173009764,564.453125,100.0,43,226.09302325581396,139.0,236.35866752050978,716.7063821325307,716.9285457412376,113.72370785566513,142.18604651162792,92.0,141.18263346155805,509.0388808139535,509.765625,20.369044287112548,11,100.0,100.0,0.0,548.0833333333333,178.5,569.0568852940496,6.454545454545454,6.0,1.572490786213793,1112.2727272727273,860.0,627.7241577172398,697.6363636363636,566.0,369.3313614431552,915.4864020313152,910.4073391752512,29.556762052999446,478.502797446952,821.8702604077087,459.4283671139523,428.7130950902581,649.4529179067683,348.38095954055603,520.2414772727273,515.625,20.619538059494246,327.2372159090909,496.09375,260.0127519801558,282.8480113636364,480.46875,271.6105515322585,79.27272727272728,95.0,73.5800121080323,56.27272727272727,72.0,51.084422105160215,437.18181818181813,316.0,657.083528660066,263.6363636363637,186.0,384.6066231169902,high
ENSG00000171863,5715,2558,980.8759493258375,486.328125,100.0,27,358.4444444444445,124.0,956.6863216063657,714.8564261302106,694.8692058722766,118.9777874131114,165.33333333333334,63.0,403.6693239235837,502.31481481481484,507.8125,22.010847798704912,9,100.0,100.0,0.0,812.75,599.0,760.8086064933058,5.0,6.0,2.1213203435596424,1275.2222222222222,786.0,1565.1033334717692,591.3333333333333,385.0,673.3567033898155,913.5949987754076,911.2088410717982,29.220520401111298,217.32944848628492,0.0,288.7141191235107,296.3380497430626,0.0,355.7384901902265,481.1197916666667,476.5625,23.4375,223.95833333333331,0.0,266.18987214893804,216.57986111111114,0.0,257.10767996493405,50.33333333333333,0.0,67.51666460956139,30.11111111111111,0.0,40.340564090145186,35.0,0.0,71.90097356781756,12.444444444444446,0.0,31.10108965579467,high
ENSG00000196329,27781,12166,995.9801376753378,515.625,100.0,18,602.8333333333333,236.5,873.2657603704008,771.811435310997,789.70355661082,139.55157664317844,295.1111111111111,120.0,396.32026397092903,483.3984375,486.328125,21.05978764418356,7,100.0,100.0,0.0,3499.769230769231,2309.0,3888.559440929382,2.857142857142857,3.0,0.8997354108424372,1564.1428571428573,653.0,1565.3724187949044,765.7142857142857,340.0,709.6486722986509,916.5493593353978,895.7322388225184,40.3299472832909,131.7706656697582,0.0,348.63241145561665,239.78488263643536,0.0,409.54073956348066,488.28125,484.375,13.246738248291539,140.34598214285714,0.0,239.79843940022525,71.98660714285715,0.0,190.45866022730587,99.28571428571429,0.0,169.93598234405243,57.57142857142858,0.0,98.3426952766992,142.85714285714286,0.0,377.9644730092272,68.85714285714285,0.0,182.17887599044752,high
ENSG00000159176,25927,13141,995.6850801777639,501.953125,100.0,43,582.1162790697676,130.0,1260.35193893086,724.6235846443755,702.5899748264128,159.44424756877154,300.53488372093017,70.0,614.7136905691953,498.36482558139534,496.09375,19.926844876037087,19,100.0,100.0,0.0,5381.797101449275,3701.0,4229.339371231669,4.631578947368421,5.0,1.4985372985307104,1721.578947368421,758.0,2089.4678832391082,913.263157894737,404.0,1031.0472476567622,914.8612018946725,907.259042226278,40.383792782664415,287.3233027752905,0.0,403.79632749567213,299.38882435259666,0.0,369.3044187483803,505.6537828947368,511.71875,15.582825254186215,208.4703947368421,0.0,251.44611631760603,174.44490131578948,0.0,234.74006998139998,80.10526315789474,0.0,122.75309217053109,54.78947368421053,0.0,85.39033184108038,211.52631578947367,0.0,396.49735440073704,116.36842105263159,0.0,217.75399231607818,high
ENSG00000177082,15063,7330,991.9755714207092,507.8125,100.0,58,416.13793103448273,165.0,754.0524773091029,733.9508689690795,744.6806184796081,147.69521701517974,214.58620689655172,93.5,366.96488834777745,500.90921336206895,497.0703125,20.50810788882849,21,100.0,100.0,0.0,1909.5625,985.0,1594.1519363136726,5.571428571428571,6.0,2.014235055087379,1492.4285714285713,997.0,1380.5712068353653,761.0952380952381,539.0,688.1098680270402,919.147141624525,921.7075726092983,35.18853072380087,171.07196227560698,0.0,361.9176459587111,27.311563647285237,0.0,125.15730776128885,488.74627976190476,492.1875,18.589654160728116,22.414434523809526,0.0,102.71584286498859,95.5171130952381,0.0,201.99213156332397,2.9047619047619047,0.0,13.311291304395535,2.142857142857143,0.0,9.819805060619657,272.3809523809524,0.0,915.8245179176238,133.95238095238096,0.0,429.2729290545208,high
ENSG00000213213,11392,6741,989.3570335695741,507.8125,100.0,46,178.9565217391304,122.5,164.5960653670054,709.1264192294087,692.8638113387345,84.08989097734708,107.65217391304347,72.5,106.27348731588793,496.26358695652175,494.140625,17.598975322047036,8,100.0,100.0,0.0,716.7796610169491,490.0,781.8118449847788,8.375,9.0,4.172614801981401,1322.625,1496.5,655.3999732987484,783.625,883.0,396.09123678408093,922.2260314564779,939.306883692047,33.541038389847884,166.67043583859333,0.0,334.23724092556586,130.28797610105184,0.0,241.46697189463097,489.2578125,487.3046875,14.503561850856055,125.9765625,0.0,233.26560354427525,122.802734375,0.0,227.55956878971466,10.375,0.0,19.52242300535464,7.0,0.0,13.136644494368742,101.5,0.0,274.7736730994646,60.125,0.0,160.96711066017716,high
ENSG00000237765,23904,9768,995.2582964855978,517.578125,100.0,48,390.5,161.0,741.4791427605609,741.9412249104656,736.0466402943373,114.56164625712435,150.39583333333331,92.0,243.96744983299354,496.9482421875,495.1171875,20.43657384428604,23,100.0,100.0,0.0,2688.5918367346944,1403.0,2817.619695168005,3.130434782608696,3.0,0.7570485649179112,1041.9565217391305,654.0,985.9802449736308,400.78260869565213,268.0,328.2789773295295,904.0882683652503,895.3003679216575,30.92684966658114,72.20227791564486,0.0,241.5095331779553,119.58074592651737,0.0,315.69755654943407,510.44497282608694,511.71875,21.71404148476766,64.11345108695653,0.0,169.2630786536388,43.138586956521735,0.0,143.024859852664,117.69565217391307,0.0,311.2279834904149,46.739130434782595,0.0,123.79683407293668,71.21739130434783,0.0,310.42419020690494,23.739130434782602,0.0,108.31654678903126,high
ENSG00000114857,48128,18068,997.7315518715819,542.96875,100.0,77,542.8181818181818,133.0,932.6173233273843,723.6845121267359,713.4734684123641,149.0892016974475,210.81818181818184,63.0,351.35376261992275,508.80174512987014,505.859375,19.10677563127882,19,100.0,100.0,0.0,2652.2110091743116,878.0,4319.30534339809,6.7368421052631575,5.0,5.635621875013321,2649.4736842105262,876.0,2838.636925795764,1048.0,341.0,1127.814651832866,924.449302823479,915.2279307334949,49.82432961103783,195.18473739908367,0.0,389.7865421917847,197.09522833696417,0.0,344.27278171940924,515.625,509.765625,30.612807149762364,131.68174342105266,0.0,226.65818646356882,108.86101973684211,0.0,216.79183289273956,88.68421052631578,0.0,248.7180582800933,48.36842105263158,0.0,117.32396294321872,667.3684210526316,0.0,1736.8269027333952,265.8421052631579,0.0,702.4728751709044,high
ENSG00000127074,24169,8634,995.393287382069,517.578125,100.0,15,599.6,167.0,929.8643372633912,744.4086103391021,747.4361434323541,157.2121005301322,200.13333333333335,68.0,324.2291664563081,501.8229166666667,503.90625,18.2693143143664,4,100.0,100.0,0.0,4596.64705882353,3527.0,3790.840703939835,5.25,6.0,2.217355782608345,2401.75,1511.5,1811.6403938604003,808.25,482.5,660.5307840416423,950.3780481819932,941.7550677666364,18.54039235492983,451.74966413770846,451.47842248537415,521.6357684471676,407.4946227906901,404.7177274345696,470.5561105740943,498.046875,495.1171875,7.973599423122324,263.671875,261.71875,304.4787612966283,238.76953125,238.28125,275.7084592838431,135.75,127.5,157.32847803242743,48.0,45.0,55.641710972974224,380.0,368.5,439.18788690035615,98.75,96.0,114.11507350039258,high
ENSG00000213930,12903,6472,991.3285282537736,484.375,100.0,92,232.73913043478265,134.0,255.25014103020365,715.6832993160078,709.9341209047377,121.40645855467955,132.5217391304348,85.0,139.99014708349534,499.51171875,498.046875,24.099971339536737,29,100.0,100.0,0.0,309.87218045112775,170.0,723.835369838543,5.586206896551724,5.0,2.427774427320368,1048.7931034482758,890.0,503.4796335298086,601.3793103448276,526.0,269.4477704216936,916.6688799845417,915.4960278041137,23.121551366706804,205.99720582408452,0.0,372.88101007788873,119.81162322330394,0.0,245.25835684854007,489.8302801724138,490.234375,15.947591629556399,105.40140086206897,0.0,210.05174969666905,117.65894396551725,0.0,212.73227798321815,19.10344827586207,0.0,60.72146291973954,12.379310344827585,0.0,39.622697132815404,120.48275862068965,0.0,242.39174618928277,66.10344827586206,0.0,134.89740673870486,high
ENSG00000154438,64902,22889,998.3668652593013,511.71875,100.0,37,176.86486486486484,114.0,225.80881320293972,697.0002041088861,682.5159755456581,80.72549587192469,66.8918918918919,42.0,73.05887419813625,493.40160472972974,490.234375,22.89479154369917,6,100.0,100.0,0.0,5993.732142857142,1874.0,9714.275994153368,10.333333333333334,11.5,3.6696957185394363,1993.3333333333333,2309.0,1041.3634652063931,722.8333333333334,835.5,358.20687691146674,927.6946535250828,953.6401559436522,64.29368242466064,293.447938910699,0.0,455.1923208010146,296.40296105618233,270.22691339477416,327.2212812189061,511.0677083333333,516.6015625,22.597805364496498,244.140625,233.3984375,268.0780571523199,161.78385416666669,0.0,251.46184135545818,36.33333333333333,23.5,44.54510822376198,19.166666666666668,16.5,21.43284084452331,217.16666666666669,0.0,379.45983538006584,67.66666666666666,0.0,125.81361876468965,high
ENSG00000204348,2483,1458,957.6920042869078,517.578125,100.0,47,363.2127659574468,233.0,348.3710500732512,781.407290605325,794.2321454559451,125.32320747460965,215.55319148936172,140.0,209.86484351587046,515.9574468085107,515.625,21.71595464644252,15,100.0,100.0,0.0,686.4561403508771,533.0,432.1368446525541,4.8,5.0,1.8593393604027362,1416.6666666666667,1474.0,438.98139672048364,833.7333333333333,882.0,258.3678072235855,934.5420435888233,941.0909994193945,17.58197945362402,208.33793049068655,0.0,313.95388278231945,223.07854967752237,0.0,383.04027986448006,514.1927083333334,515.625,16.95424789182289,142.44791666666669,0.0,244.9522965888801,164.58333333333331,0.0,241.49962917939897,89.93333333333332,0.0,157.51846452612043,55.53333333333334,0.0,98.25540091783154,45.4,0.0,116.38163821791527,22.333333333333336,0.0,63.751377202677716,high
ENSG00000054690,56312,27039,998.1478437695462,492.1875,100.0,85,307.1176470588236,142.0,530.3561115345206,717.501390221181,716.9285457412376,125.27010654708664,152.24705882352941,74.0,232.96627110676204,499.6783088235294,500.0,18.48442567663613,16,100.0,100.0,0.0,1012.7685185185187,728.0,1618.3650374725946,7.75,4.0,8.465616732800196,1950.0625,692.5,1974.1181480600394,991.0,362.5,1002.1144312568966,914.9618148683977,901.7934330230211,58.30187675665612,226.4900306609282,0.0,405.7245442391248,43.9118734266508,0.0,175.64749370660329,505.615234375,509.765625,18.361798931299994,31.982421875,0.0,127.9296875,125.0,0.0,223.76255675019763,8.25,0.0,33.0,6.0,0.0,24.0,284.9375,0.0,652.6598367449923,129.1875,0.0,289.50077000473306,high
ENSG00000117481,24976,11825,995.1029622044331,529.296875,100.0,31,504.3548387096773,283.0,724.2293627660184,802.47395667616,810.6807401843225,94.46538485985528,256.7741935483871,160.0,339.9331022105594,507.18245967741933,509.765625,21.774713714353854,9,100.0,100.0,0.0,3626.1176470588234,3120.0,2782.8380299419628,4.777777777777778,5.0,1.6414763002993507,1953.5555555555557,2087.0,1389.235861104146,1003.7777777777778,1088.0,668.3307148743386,931.9940483592088,949.956261187666,40.37613700907701,702.6631435185947,876.4703911315411,401.14261658685615,342.555536832832,179.23213643530943,366.51629156136744,506.0763888888889,513.671875,19.8807701622428,339.1927083333333,482.421875,255.70091407442425,405.38194444444446,521.484375,230.04237388184757,162.33333333333331,8.0,300.99875415024565,94.77777777777777,5.0,174.52061323650122,1047.3333333333335,537.0,1253.391698552372,508.0,295.0,569.1772571001059,high
ENSG00000185189,7381,4510,984.3374254762151,511.71875,100.0,52,349.0384615384616,103.0,618.4525902078846,697.2443994848968,669.1333093584884,135.23120177041065,203.0,69.0,332.74762266942923,513.0333533653846,515.625,16.51730417499744,10,100.0,100.0,0.0,532.8787878787878,260.0,553.5161497326364,10.9,11.5,5.546770832355224,2303.9,2164.0,1166.6799475434557,1358.7,1300.5,632.082281915188,948.281103207326,952.0231203361602,21.4038315300784,179.85708294901255,0.0,379.8776059295849,153.06119878151273,0.0,324.20176322502186,528.125,536.1328125,23.728660232011624,102.1484375,0.0,215.56470338127832,100.390625,0.0,211.884208486592,48.0,0.0,111.63432367431722,34.20000000000001,0.0,77.79860038729632,236.10000000000002,0.0,613.410221629865,128.8,0.0,325.2994517876311,high
ENSG00000011485,45988,23341,997.6357697077714,500.0,100.0,52,330.98076923076917,151.0,432.30315662827314,748.9475044540353,731.4319278160029,113.2750017079616,186.07692307692307,89.0,225.32624244735666,502.5165264423077,501.953125,20.109904399430903,15,100.0,100.0,0.0,2176.6363636363635,926.0,4343.986090620271,6.133333333333334,5.0,4.015446366695678,1479.2,1235.0,1090.7885221251643,831.2666666666667,749.0,601.0888295022467,921.6347317336155,934.5561887373556,37.9093562381683,172.93767325878053,0.0,358.0236309766756,98.81671355210648,0.0,262.3832412527046,521.3541666666666,521.484375,19.425868981738876,67.31770833333334,0.0,177.6513656888677,98.17708333333334,0.0,203.29055467157244,27.33333333333333,0.0,81.7886358388557,17.533333333333335,0.0,50.495921570341665,96.06666666666666,0.0,199.5854513258729,56.53333333333334,0.0,119.29906398068117,high
ENSG00000187889,100893,38828,999.1039201328604,517.578125,100.0,47,171.0212765957447,90.0,232.7801247829957,639.1459706406113,633.1030542391852,141.13631659139503,67.85106382978724,29.0,91.05707209919746,504.5711436170213,507.8125,27.296022362097105,5,100.0,100.0,0.0,5292.104166666666,2891.0,6573.962014142348,10.6,14.0,7.797435475847172,1709.6,1904.0,1049.0604367718763,681.4,660.0,466.17839932798256,932.1092564393942,947.9388549245253,32.271625724626595,182.2591680728835,0.0,407.5438893335269,125.4624955047166,0.0,280.5426685753081,532.8125,525.390625,22.541465697271107,106.640625,0.0,238.45568666306352,96.875,0.0,216.61908532029213,16.2,0.0,36.2243012354966,9.4,0.0,21.019038988498025,173.4,0.0,387.73418729846355,51.2,0.0,114.48668044798924,high
ENSG00000140553,23914,12871,995.181796909104,503.90625,100.0,64,223.0625,153.0,199.52704992254473,717.3188910335753,731.5014548936898,125.10900475979886,130.75,89.0,113.66352460396794,503.90625,501.953125,20.986809126307588,15,100.0,100.0,0.0,922.9450549450551,307.0,1099.4945137818497,7.066666666666666,5.0,6.169819014093255,1403.6666666666667,855.0,1090.2305566560985,824.5333333333333,498.0,653.6130207947061,919.1959463415366,911.2958403644176,34.462912576957365,113.42625609857305,0.0,299.3311315395615,93.53536400600092,0.0,259.32640056335487,496.875,500.0,19.846781616004968,66.66666666666667,0.0,176.05829275927832,74.47916666666667,0.0,196.55002290723934,58.33333333333333,0.0,215.1051791455475,38.06666666666667,0.0,139.8716077932425,50.26666666666667,0.0,132.6533972784859,29.466666666666665,0.0,77.76233633566416,high
ENSG00000105971,221162,83741,999.7298203576948,523.4375,100.0,47,224.23404255319147,135.0,389.5544396160912,699.834783527303,709.9341209047377,112.68730774943867,97.87234042553193,59.0,142.79182430335985,507.43849734042556,509.765625,22.02806946000587,15,100.0,100.0,0.0,23116.358024691355,5404.0,40928.67162280881,6.4,6.0,3.6606010435446255,1126.3333333333333,971.0,711.1432110810499,490.06666666666666,405.0,293.8406921802227,917.2188017508399,921.7075726092983,27.35186766879737,180.47496613592565,0.0,374.26815314692453,88.50593063500575,0.0,242.508253834954,516.1458333333334,515.625,19.910747651050414,130.98958333333331,0.0,293.76980020100376,104.94791666666666,0.0,217.57906006681182,29.06666666666667,0.0,100.98052617542979,22.93333333333333,0.0,79.34325668229397,243.33333333333334,0.0,644.8412503052499,84.93333333333332,0.0,216.46658160644785,high
ENSG00000101294,63496,31644,998.200082865455,521.484375,100.0,73,242.10958904109583,117.0,494.76033933511235,688.3465876459103,686.7420806573961,143.2815771144214,131.83561643835614,60.0,250.17410680134498,503.7724743150685,503.90625,17.65430291053505,25,100.0,100.0,0.0,4149.10447761194,3994.0,3769.887298665765,6.36,6.0,3.426368339802363,1051.6,757.0,913.5176973290298,570.44,423.0,486.978017984385,906.5010458594476,909.2752287449844,33.95349089680411,177.85158785842637,0.0,364.13884493876117,130.76776674320175,0.0,269.2802450791971,514.6875,517.578125,18.66673950907709,99.84375,0.0,203.81580748843172,101.796875,0.0,207.9836033447202,19.919999999999998,0.0,43.87189685132538,13.320000000000004,0.0,29.18721181156797,277.68,0.0,812.0562234229842,144.64000000000004,0.0,409.71198013563964,high
ENSG00000157379,9236,4437,987.8576285829105,488.28125,100.0,36,303.1944444444445,177.5,346.73982172264834,759.5668833486008,755.2562089840546,111.85469453265148,159.77777777777774,108.0,158.69199477714434,502.49565972222223,496.09375,22.350203117557594,11,100.0,100.0,0.0,1379.2272727272727,780.0,1229.9992222277058,5.0,5.0,2.898275349237888,1226.4545454545455,1181.0,699.9937662060089,652.4545454545455,620.0,346.1893596390171,920.3729970297903,930.6150152000338,29.460410934985724,231.2064892395645,0.0,397.05344588634705,215.32456981344382,0.0,368.9894322713805,497.15909090909093,492.1875,14.094030308641637,134.05539772727272,0.0,229.65672746281035,135.8309659090909,0.0,232.63901955359196,66.63636363636364,0.0,116.281789397371,41.0,0.0,71.54718722633336,137.45454545454544,0.0,301.89977265190635,70.0,0.0,160.45123869886453,high
ENSG00000203965,49322,17335,997.6880703569591,505.859375,100.0,34,247.5,153.5,461.83003891960607,725.6388608921045,725.2074319149937,100.16933110917398,88.6764705882353,57.0,155.384512427453,504.48069852941177,512.6953125,23.296656058695564,6,100.0,100.0,0.0,3771.6551724137926,2698.0,3059.79065899079,5.833333333333334,4.5,4.355073669487885,1427.3333333333333,861.0,1370.591502478644,512.0,354.5,451.0206203711755,905.3302036317119,910.3367551274023,55.253062791132955,123.16464760169981,0.0,301.6905409738684,134.64267810262268,0.0,329.8058589532315,505.859375,496.09375,22.507594204512397,83.33333333333333,0.0,204.1241452319315,84.9609375,0.0,208.11094494349268,41.0,0.0,100.42907945411031,22.333333333333332,0.0,54.705270922157645,29.5,0.0,72.25994741210376,6.166666666666667,0.0,15.10518674716293,high
ENSG00000163541,36523,14336,997.0653213185558,515.625,100.0,33,207.69696969696966,152.0,259.92937560620254,709.1465352932534,729.9636102092602,124.5246407859502,90.72727272727272,63.0,103.52363037227076,510.83096590909093,513.671875,15.610427997274092,9,100.0,100.0,0.0,4546.5161290322585,3406.0,3281.622371845647,4.444444444444445,4.0,2.242270674512285,873.4444444444445,717.0,477.5039557718635,383.77777777777777,326.0,201.7212047466613,900.4199553114056,906.567709453436,40.88560367087136,178.18528892500936,0.0,353.5958996105516,87.19009788610606,0.0,261.5702936583182,514.3229166666666,509.765625,9.31581251383736,57.725694444444436,0.0,173.17708333333334,111.54513888888889,0.0,221.6010418649749,23.444444444444443,0.0,70.33333333333333,12.888888888888891,0.0,38.66666666666667,52.77777777777778,0.0,104.97830463693174,23.0,0.0,46.47042069962354,high
ENSG00000168676,37336,17714,996.8733631109693,507.8125,100.0,55,265.4727272727273,161.0,349.28688487563903,735.560771644038,747.4361434323541,115.02700570823255,140.9090909090909,92.0,183.45968098046652,497.0525568181818,496.09375,23.34651734187963,11,100.0,100.0,0.0,3996.1408450704225,1553.0,5132.3283000875235,7.454545454545455,4.0,6.234799697883427,1949.2727272727273,702.0,1865.4460641309945,1031.8181818181818,372.0,986.7107801358834,918.13210065667,901.8206443797674,48.01258085644419,210.99268599801619,0.0,363.9788526554661,197.31577345201046,0.0,312.52118087843684,486.86079545454544,496.09375,19.376159812243557,181.99573863636363,0.0,252.69968454836894,131.7471590909091,0.0,225.66728382547842,34.727272727272734,0.0,65.81806880954639,20.636363636363633,0.0,37.073636798330774,77.9090909090909,0.0,169.67996613946772,38.0,0.0,85.8079250419214,high
ENSG00000166295,19861,8631,994.0712914390406,544.921875,100.0,13,698.3076923076923,169.0,1004.519900633746,763.9730747979527,747.4361434323542,155.66609507431662,304.84615384615387,99.0,418.03146734702597,512.7704326923077,513.671875,14.802045834864717,5,100.0,100.0,0.0,5800.307692307692,6310.0,3433.277549335217,3.6,3.0,0.8944271909999159,2484.8,3100.0,1177.9960526249654,1081.8,1350.0,526.7235517802484,951.3461887748025,965.842808721029,25.93020019933213,575.8700318346279,959.7669689788421,525.6950114296088,440.64016838637593,649.4529179067682,411.0484969946043,496.09375,498.046875,11.799849583588449,286.328125,453.125,262.27785429113624,315.234375,525.390625,287.76829681423766,142.0,100.0,203.2043306625132,82.8,67.0,112.93670793856177,1645.6,2742.0,1502.2206229445794,687.6,1146.0,627.6900509009204,high
ENSG00000089006,27384,11537,995.9897177522242,501.953125,100.0,62,282.62903225806457,111.5,527.6955851802439,699.6484512636574,686.7420806573961,156.1406419253653,133.2741935483871,58.0,224.2175589674881,506.3319052419355,505.859375,24.983899253953606,19,100.0,100.0,0.0,2169.7961165048546,1479.0,2841.294786865158,6.421052631578948,6.0,4.4760571622018235,1318.5263157894738,845.0,952.6084871680293,599.1578947368421,432.0,374.1772104168314,921.2734816188427,913.6243262394746,27.3187649568879,310.0672478905801,0.0,418.7375185168404,314.52986339371495,0.0,386.9416313423085,516.344572368421,517.578125,16.042735754490113,209.4983552631579,0.0,252.46640535240118,193.15378289473682,0.0,259.8984873394444,102.36842105263159,0.0,149.35684730288503,75.47368421052633,0.0,110.29725916865277,159.4736842105263,0.0,254.16822260093204,66.89473684210526,0.0,100.38475688671406,high
ENSG00000142920,39427,18107,997.1629285388071,539.0625,100.0,55,356.0909090909091,172.0,574.1353006342176,761.7770598926757,747.4361434323542,85.47685476614215,201.30909090909094,94.0,308.60875823049105,494.9573863636364,498.046875,23.436568356202933,19,100.0,100.0,0.0,3835.317307692307,1198.0,5473.468360064718,6.473684210526316,6.0,2.8745709061939735,1601.1052631578948,879.0,1486.4751705792255,909.6842105263158,541.0,802.9208520999078,919.0814970463082,914.4137709178116,42.543934580144196,85.10906127805336,0.0,255.10219618520262,90.1615105327853,0.0,270.23157039181075,496.2993421052632,496.09375,16.58425283316822,52.93996710526316,0.0,158.59099018048536,101.76809210526315,0.0,262.37051438399004,47.63157894736842,0.0,149.55237303600953,31.315789473684205,0.0,97.84457779309375,29.47368421052632,0.0,90.93609992190035,16.473684210526315,0.0,50.243151463715414,high
ENSG00000197070,9707,5906,987.7906655587972,537.109375,100.0,40,230.425,141.0,278.5254108464423,710.7274657410215,716.9285457412376,123.30658867937065,147.25,87.5,172.76985581091128,511.376953125,515.625,22.220188031463543,12,100.0,100.0,0.0,1305.3200000000002,194.0,2541.4458719398294,5.166666666666667,5.0,1.7494587907710375,1003.0833333333333,830.0,745.0256198564076,632.75,514.5,470.2177686987169,907.8210175522948,910.7016016269687,29.079796777621112,136.52621876140796,0.0,319.54957525548576,133.46653396447306,0.0,206.78355829221059,511.0677083333333,515.625,18.516489039742428,163.0859375,0.0,241.01694875870444,82.19401041666666,0.0,192.04016218713016,10.416666666666668,0.0,19.25644323494362,9.083333333333332,0.0,16.833183317663376,59.0,0.0,149.17104276634927,36.75,0.0,92.12553194616375,high
ENSG00000103187,52484,26369,997.9189711962046,511.71875,100.0,15,725.0,375.0,940.5570537870477,813.5796504976465,847.4352989779659,118.03640975645496,391.8666666666666,224.0,462.1984525329023,507.2916666666667,503.90625,19.537759331958764,6,100.0,100.0,0.0,18911.88888888889,24603.0,11291.644803176865,2.5,2.0,0.8366600265340756,1812.5,1229.0,1805.947479856488,979.6666666666667,725.5,874.2138563684898,925.7057183189745,925.371677434212,37.51992979798579,453.32707788929144,427.16992517082076,497.4220303430125,254.15645813546112,0.0,394.50426732663493,495.1171875,499.0234375,18.228004055187654,177.734375,0.0,275.34490976943357,250.0,245.1171875,273.9977519367746,72.0,0.0,116.46973855899223,55.66666666666667,0.0,88.58141264772574,470.5,193.0,598.7272333876253,249.33333333333331,96.0,320.69653360562955,high
ENSG00000106258,31805,12871,996.5306785803205,505.859375,100.0,56,259.0,155.0,315.9651879558886,736.4878932750195,733.0051252517987,103.93320814527897,111.83928571428572,68.0,139.86081091060294,514.5438058035714,519.53125,25.74980768967154,15,100.0,100.0,0.0,2516.8349514563106,2005.0,1915.5968101765502,7.866666666666666,6.0,4.373077809027587,1645.6,1623.0,987.8401981812935,714.6,669.0,425.1506959722803,929.7005756124142,942.7016236818484,33.19629928576642,225.70079651410703,0.0,391.2396434197644,174.86985913316647,0.0,300.18096756279823,489.5833333333333,480.46875,24.888434563813018,138.41145833333331,0.0,237.58940961733546,132.55208333333331,0.0,227.73670412514753,26.6,0.0,45.66930823086457,14.333333333333332,0.0,24.610295948376297,275.8666666666666,0.0,797.9984664026321,112.33333333333333,0.0,334.29812756765193,high
ENSG00000134548,11071,4262,990.0844528770912,541.015625,100.0,21,292.76190476190476,132.0,453.54282099509686,706.6689849192624,706.3073821006267,134.03202156309217,119.85714285714286,64.0,151.05141035895218,513.9508928571429,517.578125,21.716481606873987,7,100.0,100.0,0.0,1383.6818181818182,1212.0,859.0382987395258,4.142857142857143,4.0,1.0690449676496976,1340.5714285714287,1683.0,689.0502780743112,531.0,624.0,251.40670900621038,922.8863203518042,943.830141621447,31.976836190880835,256.39277107080966,0.0,438.7533944015258,176.1482162339248,0.0,309.4125760940099,523.9955357142857,527.34375,14.77653563574173,139.78794642857142,0.0,238.8458590585483,147.87946428571428,0.0,252.71332919107581,29.42857142857143,0.0,62.03992570073227,12.714285714285714,0.0,26.234292352531547,307.85714285714283,0.0,654.2783374506166,102.28571428571429,0.0,216.32284074635166,high
ENSG00000133812,515541,197529,1000.0,535.15625,100.0,96,254.59375,130.5,610.813755370653,711.7324715005276,709.8904252564954,108.52564913439645,109.16666666666667,58.5,252.87765573875794,503.90625,505.859375,19.03143364789103,15,100.0,100.0,0.0,10231.07638888889,3055.0,22352.120474518986,10.6,5.0,12.84412038916751,2332.9333333333334,993.0,2557.1724470222034,1008.8,448.0,1102.052708099105,925.5556118384123,923.9539394977484,43.49627723525644,176.87134142610088,0.0,368.40041122767644,46.05722778701285,0.0,178.37887619158224,515.8854166666666,517.578125,17.86818390065812,33.854166666666664,0.0,131.11662369973024,102.86458333333334,0.0,212.99256583462824,9.2,0.0,35.63144678510823,7.0,0.0,27.110883423451916,246.0,0.0,612.9324129601426,94.46666666666665,0.0,235.59040323247055,high
ENSG00000198912,11169,5509,988.8654048208227,531.25,100.0,11,612.0909090909091,489.0,700.2420230956516,797.7898540201459,873.8681278935483,127.77774886535238,317.54545454545456,256.0,374.8237889025625,509.4105113636364,503.90625,23.532006431763218,3,100.0,100.0,0.0,4218.555555555556,3300.0,2711.612348359879,4.0,4.0,1.0,2560.6666666666665,2517.0,917.2798555148441,1298.0,1240.0,518.4390031623778,953.925163129795,957.4689353911463,9.984616166990902,303.85233883983824,0.0,526.2876888692339,214.72188285384328,0.0,371.9092105997092,500.0,503.90625,8.513474499102879,184.24479166666669,0.0,319.12134019660954,158.85416666666669,0.0,275.14348766068105,33.0,0.0,57.15767664977295,26.0,0.0,45.033320996790806,278.33333333333337,0.0,482.08747477333753,116.33333333333334,0.0,201.4952439471794,high
ENSG00000187066,4397,2443,974.9612392263446,498.046875,100.0,13,469.5384615384616,160.0,1103.115558723308,734.2772056958983,738.9878856101989,117.08213285819271,259.15384615384613,86.0,616.8416660907732,500.3004807692308,500.0,16.12257374582928,6,100.0,100.0,0.0,462.6666666666667,432.0,155.21356255173063,2.5,2.5,1.0488088481701516,1073.0,465.0,1498.9969979956597,591.6666666666667,247.5,840.593044621871,882.0259683940194,868.1918274809811,47.63453033481165,199.804142025227,0.0,310.2677743167498,306.99247984304276,286.771418296495,339.19896462187165,496.09375,499.0234375,10.186253758129139,253.90625,250.0,278.27199416106356,172.52604166666669,0.0,267.56149203169946,39.5,30.0,48.015622457696,21.833333333333336,18.0,25.348898726900675,23.333333333333336,0.0,37.07110285204187,11.166666666666666,0.0,18.11537100549328,high
ENSG00000122566,11603,4649,990.6242918922396,519.53125,100.0,37,536.9189189189188,123.0,959.90567761104,725.8565241978866,690.8584168051926,152.68904159374148,211.37837837837841,66.0,389.4835149379347,503.4839527027027,501.953125,24.39076638156318,8,100.0,100.0,0.0,1100.84375,654.0,1013.8367831251046,9.0,10.5,3.927922024247863,2994.0,2631.5,2060.9910930701,1214.125,1048.0,861.1043470036436,948.3084590987614,956.1095153545695,37.55787841601087,457.7755934177826,435.61597423972665,490.3861476483075,371.67509101686187,366.5196497890597,397.56666248267635,484.86328125,485.3515625,18.697319501921115,239.74609375,237.3046875,256.3790770497,239.990234375,233.3984375,256.6652077590349,90.375,84.5,97.83212662515315,57.875,54.0,62.69754495079646,747.375,246.5,1095.2239089402156,254.0,79.5,375.2644781636394,high
ENSG00000134759,51113,20724,997.8752561150723,517.578125,100.0,100,201.5499999999999,129.5,602.3178860523623,685.2241513525381,700.6842154010246,105.99428953035395,89.95,51.0,256.75021760930275,513.0859375,514.6484375,24.297187102156045,28,100.0,100.0,0.0,2134.017777777778,1893.0,2255.491257394392,9.035714285714286,6.0,7.244319066010188,1302.0,642.5,1606.7003915317093,570.2857142857143,283.0,696.0682627839216,907.4302337137498,896.1539080485558,35.39825505342883,254.475568847204,0.0,366.4984200004163,201.96544451017982,0.0,262.47005297449147,526.7159598214286,527.34375,22.433738132157956,215.9598214285714,0.0,254.9770581329384,221.33091517857142,0.0,260.381428589976,25.57142857142857,0.0,68.85057818495147,14.035714285714286,0.0,33.7018321766561,299.0357142857142,0.0,1118.79622750403,127.39285714285714,0.0,478.4996102235891,low
ENSG00000158882,4806,2536,976.644277959135,546.875,100.0,34,321.8823529411764,104.5,515.1636259455108,715.6148377779149,671.4248617877984,115.63678360039277,173.79411764705884,60.5,268.20444253340105,503.7913602941176,497.0703125,34.16891800190897,9,100.0,100.0,0.0,257.09433962264154,211.0,194.00190960112337,6.888888888888889,8.0,3.018461712712472,1565.7777777777778,1120.0,1041.022067222614,854.7777777777778,641.0,556.88122112749,923.0964654300345,928.9828451267352,40.175944044921344,314.1299389138555,0.0,471.19545276334276,267.53472764111666,0.0,401.6504493650602,511.5017361111111,527.34375,27.49061501395497,174.47916666666669,0.0,261.9008811233806,172.52604166666669,0.0,258.7909050641952,87.55555555555556,0.0,136.4057468649242,50.44444444444444,0.0,78.498584559072,520.4444444444445,0.0,781.5939020858452,270.8888888888889,0.0,406.7285472045343,low
ENSG00000115556,29420,13937,995.8719360462125,484.375,100.0,65,246.96923076923076,159.0,276.0482277401207,733.356473842263,729.9636102092602,114.58595930390149,124.84615384615385,89.0,129.01843748681216,501.8329326923077,503.90625,19.08947684574353,15,100.0,100.0,0.0,2031.380530973451,1166.0,2373.628943797211,8.533333333333333,6.0,5.166743471011319,1768.2666666666667,860.0,1337.6487082439344,910.0,448.0,670.3082446584875,923.8160869747879,911.0015597157766,39.85637357977074,375.62661347832335,0.0,417.68378532207873,313.7092084553769,0.0,398.24681320648955,510.2864583333333,511.71875,23.731722192180772,200.13020833333331,0.0,253.73649316034442,244.140625,0.0,270.331732194137,95.73333333333332,0.0,125.89307632537488,52.53333333333333,0.0,69.33136444090867,153.2,0.0,211.88211007876188,74.46666666666667,0.0,99.14626040542807,low
ENSG00000139044,103146,50603,998.9563167236817,478.515625,100.0,44,273.0,101.0,489.77455658605805,697.4445613877297,664.4211029545555,106.99828462034944,159.77272727272728,57.0,290.5445459690975,497.6917613636364,501.953125,20.127493899388618,6,100.0,100.0,0.0,3962.264150943396,949.0,14209.742030829713,9.833333333333334,7.5,5.776388721914987,2234.3333333333335,1327.5,2080.268123744309,1303.1666666666667,768.0,1232.338982044578,927.8889305872825,927.4720609695964,45.88591515487826,158.76088708214502,0.0,388.88316446287257,52.41544256641492,0.0,94.66916096045075,493.8151041666667,495.1171875,18.791322737406063,177.08333333333331,0.0,274.5614919431946,79.42708333333334,0.0,194.55582592418472,4.833333333333334,0.0,7.547626558506103,3.166666666666667,0.0,4.996665554814197,343.0,0.0,840.17498177463,204.5,0.0,500.9206523991599,low
ENSG00000087448,23021,9907,995.0832384731696,498.046875,100.0,10,996.8,439.0,1566.5860121082828,852.6036886320627,862.6229403674281,87.45586119476994,483.2,221.0,614.1834326069768,502.1484375,506.8359375,22.523595423531994,4,100.0,100.0,0.0,6649.142857142857,5814.0,4008.6712440479755,2.75,2.5,0.9574271077563381,2540.5,1343.5,2824.0465647719057,1231.0,801.0,1211.7100863380372,937.994355923301,928.9575397152112,35.24130225319197,662.2582098191327,835.6257657541664,447.8393478011129,400.50577354655275,396.4193135275079,462.51237526520606,503.90625,500.9765625,13.053344827970976,238.28125,238.28125,275.14348766068105,370.60546875,483.3984375,248.10261738329447,148.5,141.5,171.8536198823483,121.0,116.5,139.91187702741084,1402.25,367.5,2323.5327090445703,543.5,185.5,846.223965626122,low
ENSG00000273494,18068,10969,993.793800519297,531.25,100.0,54,180.42592592592595,123.5,171.51968937549444,697.6078097729381,698.7295903493447,104.63943681690658,107.48148148148148,74.0,104.59747475950691,503.79774305555554,504.8828125,30.697918163065008,12,100.0,100.0,0.0,1215.897435897436,725.0,1252.5755138575153,7.5,5.0,6.6400985753909625,1128.75,723.5,776.4746820200784,677.5833333333334,455.0,451.4009421856146,913.5575508216997,905.8612930564593,30.696306643995626,482.3416935223991,733.641259116905,430.4072463062723,59.95630227532955,0.0,111.03566296186197,516.6015625,525.390625,25.513252826322038,123.53515625,0.0,223.5998573872274,306.31510416666663,492.1875,271.27778546889647,2.583333333333333,0.0,4.7760450228830615,0.8333333333333333,0.0,1.80067327475704,236.41666666666669,196.0,263.0701456173838,134.0,95.5,154.65856823103184,low
ENSG00000160410,14549,7788,991.8471066447505,494.140625,100.0,96,146.23958333333331,117.0,100.39686981822817,683.6174597311183,686.7420806573961,100.05273923029665,90.42708333333334,75.0,61.71713824788679,510.8439127604167,513.671875,19.153144803758043,28,100.0,100.0,0.0,778.3928571428573,303.0,902.2392372016852,7.0,5.0,4.698305447081328,949.9285714285713,767.0,626.0030723254052,587.0357142857143,467.0,390.5571027764065,902.0412614427433,906.6233394286185,37.526243178371445,388.0817233510185,307.58547285027294,398.0441368658041,142.90020960975116,0.0,257.23250744800066,506.34765625,503.90625,17.3526319354595,123.53515625,0.0,218.0284174117292,253.83649553571433,247.0703125,258.7061237765638,18.178571428571427,0.0,40.760414321512684,12.357142857142856,0.0,24.99513180114507,126.57142857142858,40.5,155.06185828300875,75.46428571428571,26.0,94.702451039053,low
ENSG00000102001,28309,14963,996.0195197605098,498.046875,100.0,61,134.24590163934425,111.0,88.08531011424945,676.5378040188556,678.1756513768464,100.35882176936813,74.59016393442623,59.0,48.97903532777411,502.2412909836066,500.0,23.960198103027302,6,100.0,100.0,0.0,709.5472972972973,502.0,474.0435316050535,25.666666666666668,26.0,24.475838426224886,3300.1666666666665,3263.5,2930.450574001661,1846.6666666666667,1827.0,1664.3951053360697,936.5013634710543,942.628134205702,49.7768471537386,444.9967774506768,615.1709457005459,354.09611249061965,193.69648428798354,0.0,300.0733031465147,495.7682291666667,498.046875,9.195603445198916,166.66666666666669,0.0,258.1988897471611,333.984375,500.0,258.70760805365535,20.666666666666664,0.0,32.01666232864798,11.333333333333332,0.0,17.557524502806956,88.83333333333334,74.0,114.7177696203455,48.5,46.0,55.93478345358995,low
ENSG00000125520,3645,2532,968.8119973733195,503.90625,100.0,28,208.60714285714283,166.5,149.47942736828105,723.0713563777872,727.9582156757183,108.2015894597976,141.46428571428572,124.5,94.02697884821544,508.57979910714283,510.7421875,21.777249909711333,8,100.0,100.0,0.0,280.52,106.0,273.815954003171,4.125,4.0,1.9594095320493148,859.0,630.5,454.67916474932395,577.125,440.5,300.70509402307863,898.3530955921112,885.603601680908,29.114866685358372,109.4721774501939,0.0,309.6340761051565,65.24049766245261,0.0,184.5279932204214,515.13671875,520.5078125,12.028550108705284,54.931640625,0.0,155.37014235055975,67.626953125,0.0,191.27790858268912,6.5,0.0,18.384776310850235,5.25,0.0,14.849242404917497,64.375,0.0,182.07999615553598,38.625,0.0,109.2479976933216,low
ENSG00000131730,33113,14700,996.7119843556843,544.921875,100.0,37,157.45945945945945,135.0,114.90856137589348,696.5118085080234,720.3023271329612,105.94336112811878,81.45945945945945,64.0,62.25065577280406,508.55152027027026,511.71875,26.808973131701887,12,100.0,100.0,0.0,4048.881355932203,1503.0,5702.533547905811,5.916666666666667,5.0,2.745519766433814,894.9166666666666,638.0,438.6873930122437,469.8333333333333,342.0,216.05463674868463,908.1516664468858,896.4500195010392,26.447496204518284,179.23213643530943,0.0,324.2431346889319,280.2875523496092,0.0,349.34501221178664,515.2994791666666,515.625,14.564349877221344,209.9609375,0.0,259.7576147944743,127.27864583333334,0.0,230.2562358838767,49.0,0.0,73.47108274688756,27.833333333333336,0.0,40.28496975149402,34.58333333333333,0.0,62.56554139218304,10.75,0.0,19.447481725265753,low
ENSG00000175634,6949,4085,983.7116290497836,521.484375,100.0,57,204.33333333333331,108.0,426.1342986385754,664.6470818045125,664.4211029545555,142.752880776642,123.7543859649123,63.0,234.08646759429936,510.3481359649123,496.09375,69.9657450885138,12,100.0,100.0,0.0,429.2592592592593,141.0,622.6189801511389,7.75,7.0,4.371914496377572,1243.9166666666667,755.0,1425.072850344107,747.3333333333334,473.0,823.7569515042135,906.5374102834893,905.3923648203383,36.16025572615349,287.05832164836005,0.0,425.3630960069206,242.9961786048212,0.0,314.173384762275,505.859375,509.765625,17.784068218109255,211.58854166666669,0.0,261.61051513081867,161.29557291666669,0.0,238.95045386161496,50.25,0.0,113.20225262776356,35.75,0.0,71.94963516238286,208.0,0.0,396.7673923552232,129.25,0.0,247.66624352506778,low
ENSG00000111540,22771,10477,994.753506697301,519.53125,100.0,31,477.5161290322581,124.0,992.7224140704437,716.0386663283488,702.5899748264128,137.96647726959054,229.9032258064516,64.0,454.1079427359909,508.3165322580645,505.859375,18.72670904447508,11,100.0,100.0,0.0,3754.916666666667,2824.0,4137.12306785421,4.2727272727272725,5.0,1.4206272622267313,1573.3636363636365,596.0,1638.3352082359258,765.3636363636364,316.0,760.6792060687965,913.4309982011085,889.3543985144466,41.31567690965137,419.3432819189531,0.0,483.72843310733043,489.58046770612424,726.8172153376685,389.4886539060646,504.79403409090907,501.953125,17.25757280868776,311.25710227272725,482.421875,246.90663230530978,235.97301136363637,0.0,271.1466792791798,133.27272727272728,158.0,113.5174796311924,73.72727272727272,96.0,61.06568743425544,989.1818181818182,0.0,1547.4936392878528,460.72727272727275,0.0,705.8137276801991,low
ENSG00000049759,357174,154877,999.912716302076,527.34375,100.0,124,287.9758064516129,100.0,722.8688606198331,685.593286397253,666.777206156522,131.91133535703923,131.79032258064507,48.0,299.68906038378543,501.9373739919355,501.953125,25.388177023640615,37,100.0,100.0,0.0,13064.970443349755,2904.0,30754.44663999755,11.972972972972972,6.0,11.562598916060944,1783.891891891892,754.0,2051.971095526659,827.6756756756755,400.0,920.1229704668722,903.9393320415613,909.2752287449844,66.04403426431251,296.8432804346585,0.0,413.25146947029236,335.98909498866846,0.0,414.3109393438012,503.9590371621622,505.859375,18.56032036258233,203.33614864864865,0.0,250.13550531279722,185.17736486486487,0.0,255.09821288139338,152.97297297297297,0.0,212.4750294461402,81.29729729729729,0.0,108.3030380370193,424.18918918918916,0.0,1220.6839120809339,180.32432432432432,0.0,503.1612870449997,low
ENSG00000078053,247864,97031,999.7884508063298,509.765625,100.0,40,202.1,112.5,287.6742994500944,680.6413338741955,680.3458134612522,125.88437132716308,99.475,62.0,123.13594478232545,500.830078125,503.90625,28.71479545475753,9,100.0,100.0,0.0,10670.197183098593,4199.0,17484.402251819207,8.88888888888889,5.0,7.096556285347923,1461.7777777777778,866.0,1146.6119415235673,724.4444444444445,405.0,562.9387424736175,916.7826048156911,911.0015597157766,41.20733732182327,298.5886473868685,0.0,448.8367351271521,148.49458682996303,0.0,297.86336286208575,511.28472222222223,509.765625,17.187993206307404,104.81770833333333,0.0,208.03761156855376,166.015625,0.0,249.07513250194083,31.666666666666668,0.0,72.79423054061361,24.777777777777782,0.0,56.45745694276748,283.8888888888889,0.0,482.6469839449026,121.0,0.0,198.21768336856326,low
ENSG00000116353,38070,18355,997.0031266942765,539.0625,100.0,62,158.53225806451613,119.0,174.16740747799068,681.0017016857028,688.6925907089674,112.75497072551003,88.14516129032259,65.0,93.84952147518442,502.7721774193548,506.8359375,24.706682302440438,18,100.0,100.0,0.0,3970.7340425531916,2925.5,3624.8918209309777,6.222222222222222,6.5,2.1843172457464504,850.4444444444445,775.0,447.58597231635747,468.55555555555554,428.5,244.62004684870257,905.2599286751041,909.6453307696507,23.381983137955544,140.21220777460144,0.0,323.73449662142247,69.05939993790321,0.0,215.34085864201967,487.0876736111111,492.1875,23.524834306049716,54.90451388888888,0.0,160.03275043672062,84.74392361111111,0.0,195.25865398482432,22.166666666666668,0.0,87.76991981043055,13.222222222222218,0.0,52.23989410352697,90.55555555555556,0.0,275.55254056963264,47.83333333333333,0.0,143.4508524158135,low
ENSG00000079337,36674,19930,997.0566623274055,535.15625,100.0,96,263.08333333333326,107.0,521.4458172723963,685.4629702115541,669.1333093584884,137.09157610635597,154.67708333333334,68.0,302.2175756772687,501.3224283854167,504.8828125,18.94153896152151,20,100.0,100.0,0.0,1039.4193548387095,538.0,1648.7525565025464,14.95,11.0,10.565460111534238,2309.75,2136.0,1736.6918908327436,1379.15,1211.0,1040.50141126387,937.8983783215378,953.1836454515983,33.500668713288306,372.5003066903496,0.0,440.78943211244314,315.06933151051607,0.0,374.1551419169535,507.32421875,509.765625,18.657200365764453,233.49609375,0.0,265.1290562631619,220.41015625,0.0,250.40866177005248,81.5,0.0,112.18194807402932,51.05,0.0,71.38146228464876,604.3,0.0,1088.6481283538867,354.8,0.0,635.3307965561181,low
ENSG00000184058,26891,15534,995.7837450108481,509.765625,100.0,18,222.0,120.0,225.47101026648247,710.1955315738951,684.5170340910195,122.1246837653562,146.5,77.5,165.39871611991927,497.2873263888889,494.140625,26.579211945911723,6,100.0,100.0,0.0,2307.444444444444,813.0,4203.728354989138,7.0,9.0,3.521363372331802,1235.0,1356.5,606.4381254505689,829.0,891.0,416.383477097735,918.6873591309335,935.783974984698,34.828304163272975,396.59322247157434,353.15369105031334,437.31837388284197,468.39331655094185,702.5899748264128,362.81590289533136,499.3489583333333,500.0,15.706169377363043,322.9166666666667,484.375,250.13017444256235,249.67447916666669,244.140625,273.5781353369456,86.0,129.0,66.61531355476757,66.0,99.0,51.1233801699379,149.33333333333331,69.5,193.75620420174076,86.5,25.5,127.53940567526571,low
ENSG00000186115,20098,9271,994.1627833131088,517.578125,100.0,41,186.43902439024387,128.0,211.89538088175587,672.8549795931675,694.8692058722766,158.39590632457535,100.70731707317074,68.0,102.8472760705015,512.3856707317074,500.0,80.1597927639827,8,100.0,100.0,0.0,2139.274509803922,1405.0,1996.325014404532,7.375,6.0,4.438065859293728,1262.125,849.0,828.296088795719,691.5,481.0,417.07861540550294,915.7986753185107,911.1353299268264,34.411267514558205,434.6643940951245,403.8324074058065,465.5766288813648,293.473598965154,256.04590919329917,318.835265684838,502.685546875,504.8828125,13.40774435326756,256.591796875,250.0,274.49361077723927,239.990234375,228.515625,256.7649797162736,36.75,16.5,47.258408171003204,22.625,9.5,30.537740116592968,266.5,138.0,315.121745180675,125.5,76.5,145.935406454852,low
ENSG00000147789,20046,10209,994.1392612282289,519.53125,100.0,44,455.79545454545456,136.5,779.4657854431667,715.4065583214791,708.0317216193885,155.47623745846192,230.86363636363632,73.0,362.0268261233979,502.04190340909093,503.90625,20.130498855124056,18,100.0,100.0,0.0,3632.483870967742,3848.0,3144.112435637808,4.444444444444445,5.0,1.1490262999202834,1290.0,586.5,1312.3397605265275,670.1666666666667,363.0,600.0884493629447,907.4323056641012,884.3078809792705,35.85285708200303,269.83715681991924,0.0,373.93795053279507,376.6214824258051,573.2707574484963,352.716006096885,511.28472222222223,516.6015625,15.775862282445853,289.49652777777777,500.0,266.63727317826783,199.65277777777777,0.0,258.01744057827824,74.16666666666666,61.0,90.6312827436791,50.388888888888886,40.0,61.7891470471187,159.55555555555554,0.0,357.0872726119456,80.22222222222223,0.0,182.78130795009574,low
ENSG00000154144,12563,5032,991.127521899473,527.34375,100.0,38,459.44736842105266,205.5,738.8302550679002,757.5357984633819,766.0735122036544,126.59768277263309,209.44736842105266,100.0,293.0299954546136,503.18667763157896,503.90625,24.806998608116643,10,100.0,100.0,0.0,1229.7142857142858,676.0,1125.975169945294,5.9,7.0,2.6853512081497106,2006.0,1721.5,1317.68964479501,918.3,806.0,540.4039744076237,938.901976207101,946.4348250087028,30.39017442613081,378.97950964272263,0.0,489.47634191899203,375.49615915308146,324.72645895338417,397.6213095438126,511.328125,506.8359375,20.167585367762108,239.6484375,238.28125,252.61935158933792,205.6640625,0.0,265.86591977263555,94.0,45.0,105.70504035075884,65.1,32.5,72.82314955500834,895.1,0.0,1358.7973808564036,366.7,0.0,547.4626420537245,low
ENSG00000099804,10381,6722,987.091979021281,527.34375,100.0,18,303.77777777777777,210.0,271.98887424381587,721.1003658820869,772.9262649355478,185.7552036766713,197.66666666666669,131.0,177.67154096981383,502.7126736111111,505.859375,20.020737711235654,7,100.0,100.0,0.0,2249.1111111111113,2201.0,1919.9837587820707,3.5714285714285716,4.0,1.2724180205607036,885.0,900.0,408.09516863921175,569.8571428571429,623.0,269.55916392722185,900.1669873020895,912.7396547968132,40.61306877041063,455.8721887193072,512.5276412107571,447.19274195751143,108.27084160173791,0.0,286.45772111786476,509.2075892857143,515.625,16.82842413626333,75.33482142857143,0.0,199.31720256345966,287.94642857142856,488.28125,269.6040274415856,31.42857142857143,0.0,83.15218406202999,26.857142857142858,0.0,71.05732092573471,283.14285714285717,33.0,347.4077472612591,177.14285714285714,15.0,219.24752265527698,low
ENSG00000135624,19602,9031,994.4618869867633,509.765625,100.0,56,137.67857142857142,114.0,101.65558736025501,672.3962627354155,686.6871961754252,121.77602270576133,71.05357142857143,67.0,49.41123156929813,506.6615513392857,505.859375,15.467856745554943,17,100.0,100.0,0.0,2030.0232558139535,1065.0,2211.1397432452536,6.0588235294117645,5.0,3.0304823921962933,863.2941176470588,595.0,531.1453149451996,441.29411764705884,304.0,276.0142126562241,899.6868150376591,888.8698834062972,34.02526089553034,217.65779514865264,0.0,347.9343980225897,253.64123948843343,0.0,359.1533176903808,516.7738970588235,513.671875,16.356457287461527,182.90441176470588,0.0,255.35189897880832,146.59926470588238,0.0,234.43142080928058,64.41176470588235,0.0,113.68325449661077,36.470588235294116,0.0,62.4601049141158,50.05882352941177,0.0,82.73562608410849,23.64705882352941,0.0,39.35724389561371,low
ENSG00000155959,42811,17300,997.6052694654359,521.484375,100.0,15,260.2,139.0,321.9987133958324,731.3604777913646,720.3023271329612,97.25581822516318,94.06666666666666,53.0,103.01627240854903,499.4791666666667,500.0,16.24848858298515,4,100.0,100.0,0.0,5445.842105263158,6928.0,3727.480624633419,5.75,6.0,1.2583057392117916,1190.75,1245.5,516.0086401085418,437.25,447.5,196.657697535591,923.3290349402273,931.3940798731539,27.127063934812686,652.4858367904864,844.8226929333016,440.71774917654716,354.2908842467613,339.0878256884232,409.8524883246143,499.51171875,497.0703125,13.566839833447075,250.48828125,248.046875,289.2664284531573,383.7890625,499.0234375,256.49967590668484,70.0,58.5,82.98192574289898,33.75,28.5,39.90300740545755,536.25,585.0,509.31219960517996,170.5,183.0,168.72166428766639,low
ENSG00000165282,7914,4231,985.6374697973808,498.046875,100.0,35,557.4285714285713,207.0,975.5443212325494,753.4827946986256,767.5352666170897,155.26209784503345,307.77142857142854,121.0,523.4600993679004,513.8392857142857,513.671875,17.212883817209512,8,100.0,100.0,0.0,1227.5434782608695,862.5,1025.7117573562,6.75,4.5,4.432026302139591,2940.625,2526.0,2263.1633952437965,1634.125,1407.0,1220.6050534175956,946.7504418446329,957.8197213954971,33.81850801129989,318.9345542761454,0.0,440.17159036161496,260.03008619869115,0.0,373.07999562499117,504.638671875,504.8828125,12.56858538393611,192.87109375,0.0,266.3968196841076,190.91796875,0.0,263.4925191907796,75.25,0.0,141.2765777776749,49.875,0.0,94.83736078149792,151.0,0.0,208.40139840496,72.0,0.0,99.369440545299,low
ENSG00000265681,4113,1771,973.9324365871839,490.234375,100.0,58,159.94827586206895,111.0,147.99032951025598,663.6600949400597,680.3458134612522,154.50161852189856,74.20689655172414,53.5,61.70068060152063,498.1815732758621,500.0,18.765349123971458,25,100.0,100.0,0.0,737.0384615384615,652.0,353.02539645921087,5.16,6.0,2.1924111536540467,670.6,650.0,149.89941071709836,308.24,297.0,80.0350339955364,895.7905086242911,895.3003679216575,17.598847788962342,133.76246130421936,0.0,220.53910493851282,496.1863729812533,738.9878856101989,383.3096420888982,493.515625,500.0,19.29149722635273,331.484375,486.328125,254.50307959871108,170.15625,0.0,273.0182565399869,152.2,162.0,140.22273947782745,82.03999999999999,79.0,77.45024209129369,10.76,0.0,18.579289545082187,2.0400000000000005,0.0,3.74699879903904,low
ENSG00000276820,14243,6908,991.7369132148754,509.765625,0.0,8,165.0,88.0,146.05380613224116,668.0518919364888,628.4034557453631,146.2876752571388,88.125,48.5,75.8710136632279,504.39453125,506.8359375,18.63893584805718,1,0.0,0.0,0.0,1847.142857142857,1530.0,1515.8006056835036,8.0,8.0,0.0,1320.0,1320.0,0.0,705.0,705.0,0.0,934.3297721387966,934.3297721387966,0.0,799.5575984707361,799.5575984707361,0.0,512.0918183865983,512.0918183865983,0.0,492.1875,492.1875,0.0,498.046875,498.046875,0.0,500.0,500.0,0.0,40.0,40.0,0.0,29.0,29.0,0.0,233.0,233.0,0.0,122.0,122.0,0.0,low
ENSG00000168434,64688,29737,998.1462922045259,529.296875,100.0,33,202.1818181818182,144.0,154.1449104222741,729.085507580272,720.3023271329612,93.36649494296545,106.2121212121212,77.0,81.91258968244655,495.02840909090907,492.1875,18.91792699128864,6,100.0,100.0,0.0,3677.4285714285716,3565.5,2247.839002218393,5.666666666666666,3.5,5.750362307426086,1136.0,868.0,892.9342640978674,598.1666666666666,456.5,466.57193086025507,915.3088361326902,915.4981652207873,30.59530508547163,432.49098086590277,427.7130528569883,473.8759227971565,127.92254443618162,0.0,313.3449604671522,498.046875,500.0,25.224819204629593,84.63541666666666,0.0,207.31358500118046,244.79166666666666,241.2109375,268.185233558259,31.0,0.0,75.93418202627852,20.333333333333336,0.0,49.806291436591295,229.33333333333331,200.0,256.19029385725497,116.0,87.5,133.9776100697426,low
ENSG00000169762,66906,25995,998.4631784003832,521.484375,100.0,64,208.046875,127.5,388.84919465077405,707.4440680283275,702.5429190381317,87.56484851387565,88.828125,53.5,146.68555665014162,493.7744140625,491.2109375,17.764441241004366,17,100.0,100.0,0.0,5804.438356164384,3538.0,5819.6851527722065,5.294117647058823,4.0,3.636012683599181,964.8823529411765,676.0,991.9823513017344,409.11764705882354,274.0,404.57862065872644,900.1756158622994,899.0671492538764,32.94139646838128,209.29016297049125,0.0,390.1429837972394,54.52626102211906,0.0,161.54977022536278,494.3704044117647,496.09375,13.687253365252932,60.66176470588235,0.0,171.41032515854684,116.03860294117646,0.0,215.7154046581119,5.764705882352941,0.0,20.443609673210556,4.235294117647059,0.0,15.52228000232531,277.8823529411764,0.0,723.1297326857177,106.29411764705883,0.0,266.3552056713653,low
ENSG00000156482,21619,9202,994.7719212864606,529.296875,100.0,31,217.93548387096772,131.0,228.36636288850582,693.6647638074521,709.9341209047377,140.96246731654855,101.80645161290323,55.0,111.78473937434057,491.74647177419354,492.1875,22.307330717462346,13,100.0,100.0,0.0,1669.727272727273,968.0,3435.6146127069396,3.5384615384615383,4.0,1.2659242088545832,630.0769230769231,573.0,248.24197252494776,294.61538461538464,264.0,135.0244042519342,883.8738250787394,884.8407577701064,31.951318392020678,202.54750333600435,0.0,322.4151613983754,323.03709455621896,0.0,370.45124034926675,493.68990384615387,490.234375,27.357161031263914,226.7127403846154,0.0,255.27159636852485,241.73677884615387,0.0,340.2813815264239,100.38461538461539,0.0,213.4149082817859,57.53846153846154,0.0,119.53982278207222,47.23076923076923,0.0,103.81486233206516,16.461538461538463,0.0,40.65426460740905,low
ENSG00000187997,19825,10358,993.6446820664986,472.65625,100.0,18,283.33333333333337,223.5,456.1457455424424,715.3308185920195,783.5962002283902,142.98421765474149,166.55555555555554,137.0,269.6619282649213,496.4192708333333,494.140625,27.590877087345174,6,100.0,100.0,0.0,4564.846153846154,2841.0,5441.745811259377,3.1666666666666665,3.0,0.983192080250175,900.0,631.0,771.1049215249504,528.3333333333334,377.0,451.8909898046947,892.9751769006136,890.7486400325545,42.12577370613818,248.11186812210352,0.0,385.85842181177674,94.2869663186961,0.0,230.9549568757891,491.5364583333333,482.421875,27.16646396428723,77.79947916666666,0.0,190.56902621262356,158.85416666666669,0.0,246.40563900262444,9.166666666666668,0.0,22.453655975512465,6.0,0.0,14.696938456699069,61.83333333333333,0.0,101.80455130624891,32.33333333333333,0.0,56.40449154692086,low
ENSG00000148346,4385,2671,974.9385396457624,492.1875,100.0,27,127.62962962962963,120.0,83.04130026593725,647.8748125046329,698.7784559756366,145.32828970139556,74.70370370370371,56.0,53.03686295312754,498.6979166666667,505.859375,23.975936563658305,7,100.0,100.0,0.0,492.8125,204.0,372.41967633649625,5.571428571428571,7.0,1.98805959477601,673.5714285714286,631.0,179.98505228940277,377.14285714285717,363.0,99.17901083634678,892.6582689594159,893.9837736368469,20.999234345470907,194.15714820887422,0.0,278.7708386203202,222.31848253404388,0.0,330.21595163638887,513.1138392857143,511.71875,19.456702972255993,220.98214285714283,0.0,275.6569813309502,215.95982142857142,0.0,269.7171977627181,45.42857142857142,0.0,88.61500464153376,27.857142857142858,0.0,53.89319243166237,26.571428571428573,0.0,55.91319803307368,17.0,0.0,36.4828726939094,low
ENSG00000107551,36485,19472,997.0831861875304,492.1875,100.0,44,315.4545454545454,101.5,583.9682396009043,683.4762710366531,669.1333093584884,131.41996748084458,173.13636363636368,55.0,313.08618257071305,504.61647727272725,498.046875,23.753662234507548,12,100.0,100.0,0.0,3103.4166666666665,1272.5,3665.2842111997347,6.0,5.0,2.73030134866931,1399.6666666666665,631.0,1390.9911661266667,772.9166666666667,368.5,762.0391851453373,905.0700827768304,895.0164464759926,47.904656120434325,266.61600651485685,0.0,403.7406648520575,156.81020317208572,0.0,284.360583988002,522.4609375,523.4375,20.323082361419345,127.11588541666666,0.0,229.96782391913166,176.43229166666669,0.0,260.9003557304305,21.083333333333336,0.0,39.61968824927446,11.75,0.0,22.51918374106034,281.75,0.0,734.8583196780179,147.83333333333334,0.0,377.47988106130987,low
ENSG00000090861,37249,18427,996.3862915945875,513.671875,100.0,40,165.125,138.5,117.4535778455384,709.0552789500832,713.4313333229877,96.90185729720145,87.95,69.0,61.573783132358926,500.244140625,505.859375,20.680281055464473,7,100.0,100.0,0.0,1997.4358974358972,1492.0,1485.0505891590608,6.571428571428571,5.0,6.604471789556499,1064.0,610.0,1073.1955398093428,567.2857142857143,310.0,579.3058243235935,904.6604386761957,892.6348040827378,31.935386022076894,122.78886695015672,0.0,324.8688057175127,101.92478120176631,0.0,269.6676234945447,486.04910714285717,492.1875,10.049808526220312,68.359375,0.0,180.861906029806,69.47544642857142,0.0,183.81475347519054,20.571428571428573,0.0,54.42688411332872,13.428571428571427,0.0,35.52866046286736,60.857142857142854,0.0,161.01286550193083,31.285714285714285,0.0,82.77421958902076,low
ENSG00000215612,25742,15280,995.6513643524032,496.09375,100.0,18,245.83333333333331,107.0,322.9365718090237,603.3262370636062,661.980735522189,285.0814565699212,179.22222222222223,84.0,229.38679267471957,528.8628472222222,500.9765625,118.67271824424922,3,100.0,100.0,0.0,2404.0,180.0,6541.993896577491,6.0,2.0,6.928203230275509,1475.0,1879.0,713.6497740488677,1075.3333333333333,1377.0,534.6721737039747,926.4176559238806,945.5385422805793,33.36759821968279,793.5921048991673,883.2559683532047,165.8425005369619,563.3185978822473,755.3618286057164,332.6286328627207,510.4166666666667,515.625,12.556836928376242,498.6979166666667,494.140625,7.893460711576915,496.7447916666667,494.140625,6.278418464188121,138.0,203.0,112.58330249197702,115.33333333333333,169.0,92.95339333952975,423.0,554.0,309.07442469411797,271.3333333333333,354.0,203.9763058135266,low
ENSG00000243067,35452,15170,996.9057470874725,509.765625,100.0,20,240.2,131.0,428.6076110039652,700.7609031584295,708.1207515026822,109.09285875570278,120.25,72.5,189.74134055547694,486.23046875,483.3984375,25.128126582657742,6,100.0,100.0,0.0,2549.208333333333,979.0,4580.074310951798,5.0,5.5,1.2649110640673518,1009.8333333333333,756.0,826.608109485182,512.6666666666666,405.0,369.93765240465405,906.8233089011701,908.1198067908781,32.49125248008526,296.60721420311717,278.80554556603687,327.24933089445693,301.6975340371724,245.58616141348773,338.59553893222227,467.1223958333333,466.796875,6.699721722493717,419.27083333333337,488.28125,377.5945131668334,247.0703125,245.1171875,270.6604234448323,43.83333333333333,23.0,58.44113847852955,27.5,16.5,34.022051672408,34.5,26.5,41.6593326878864,14.333333333333334,10.0,18.348478592697177,low
ENSG00000112293,70641,30725,998.4428731704922,515.625,100.0,46,147.36956521739134,109.5,156.24985101442172,670.0307569773835,678.1756513768464,105.61450974973275,68.97826086956522,49.0,67.50917275302001,502.4201766304348,503.90625,23.449016205029444,6,100.0,100.0,0.0,3102.6862745098038,2622.0,2434.8127442593695,9.5,5.5,7.9435508432942,1297.0,951.5,1089.975045585907,608.0,384.0,536.2667246809185,920.6661716121928,918.8110570569597,27.914650330677574,151.78423311326733,0.0,371.7939221271592,113.02927522947441,0.0,276.86405030881434,495.7682291666667,501.953125,19.933998557805815,83.33333333333333,0.0,204.1241452319315,83.33333333333333,0.0,204.1241452319315,18.5,0.0,45.3155602414888,10.666666666666666,0.0,26.127890589687233,142.5,0.0,349.0522883466029,60.666666666666664,0.0,148.6023777288461,low
ENSG00000184436,3093,1924,965.7491196263558,476.5625,100.0,23,390.0869565217391,255.0,361.15747170394934,769.2899662901891,792.8386270550158,136.968022643816,247.04347826086956,166.0,221.5436501748726,495.6691576086956,494.140625,19.441881135903017,8,100.0,100.0,0.0,1008.5555555555555,940.5,467.7749864074573,3.25,3.0,1.0350983390135313,1254.25,1178.5,526.3607535304498,788.875,758.5,320.7608978217709,924.7338014522823,930.6365107732213,26.41321588909857,166.0884464300534,0.0,307.54665536736906,177.29962908708956,0.0,328.8425073603675,495.60546875,495.1171875,10.836889780099582,119.384765625,0.0,221.05824754985835,130.615234375,0.0,241.8574884270734,35.75,0.0,68.37031519599716,25.375,0.0,48.24620636455708,26.375,0.0,48.855289229665665,16.0,0.0,29.645524836931845,low
