gene_id,gene_kmer_AAA,gene_kmer_AAG,gene_kmer_AAC,gene_kmer_AAT,gene_kmer_AGA,gene_kmer_AGG,gene_kmer_AGC,gene_kmer_AGT,gene_kmer_ACA,gene_kmer_ACG,gene_kmer_ACC,gene_kmer_ACT,gene_kmer_ATA,gene_kmer_ATG,gene_kmer_ATC,gene_kmer_ATT,gene_kmer_GAA,gene_kmer_GAG,gene_kmer_GAC,gene_kmer_GAT,gene_kmer_GGA,gene_kmer_GGG,gene_kmer_GGC,gene_kmer_GGT,gene_kmer_GCA,gene_kmer_GCG,gene_kmer_GCC,gene_kmer_GCT,gene_kmer_GTA,gene_kmer_GTG,gene_kmer_GTC,gene_kmer_GTT,gene_kmer_CAA,gene_kmer_CAG,gene_kmer_CAC,gene_kmer_CAT,gene_kmer_CGA,gene_kmer_CGG,gene_kmer_CGC,gene_kmer_CGT,gene_kmer_CCA,gene_kmer_CCG,gene_kmer_CCC,gene_kmer_CCT,gene_kmer_CTA,gene_kmer_CTG,gene_kmer_CTC,gene_kmer_CTT,gene_kmer_TAA,gene_kmer_TAG,gene_kmer_TAC,gene_kmer_TAT,gene_kmer_TGA,gene_kmer_TGG,gene_kmer_TGC,gene_kmer_TGT,gene_kmer_TCA,gene_kmer_TCG,gene_kmer_TCC,gene_kmer_TCT,gene_kmer_TTA,gene_kmer_TTG,gene_kmer_TTC,gene_kmer_TTT,gene_length,gene_gccount,gene_exon_nonconstit_percent,exon_count,mean_exon_length,median_exon_length,sd_exon_length,mean_exon_gccount,median_exon_gccount,sd_exon_gccount,transcript_count,mean_trans_exon_nonconstit_percent,median_trans_exon_nonconstit_percent,sd_trans_exon_nonconstit_percent,mean_distance_between_exons,median_distance_between_exons,sd_distance_between_exons,mean_exons_per_trans,median_exons_per_trans,sd_exons_per_trans,mean_trans_length,median_trans_length,sd_trans_length,mean_trans_gccount,median_trans_gccount,sd_trans_gccount,mean_5utr_length,median_5utr_length,sd_5utr_length,mean_5utr_gccount,median_5utr_gccount,sd_5utr_gccount,mean_3utr_length,median_3utr_length,sd_3utr_length,mean_3utr_gccount,median_3utr_gccount,sd_3utr_gccount,error_level
ENSG00000149294,10255.0,6347.0,4175.0,7142.0,7242.0,5825.0,4600.0,5316.0,5772.0,780.0,3411.0,4838.0,5801.0,5982.0,4023.0,7811.0,6581.0,5487.0,3141.0,4550.0,5312.0,4357.0,3735.0,3923.0,4719.0,643.0,3790.0,4777.0,3571.0,5300.0,3301.0,5161.0,5086.0,6710.0,4315.0,5964.0,716.0,757.0,682.0,897.0,5487.0,845.0,4168.0,5725.0,3646.0,6966.0,5194.0,6779.0,5997.0,4439.0,3170.0,5961.0,6489.0,6388.0,4912.0,7197.0,6097.0,784.0,4856.0,7245.0,6550.0,6737.0,6464.0,12297.0,317190,132285,100.0,97,299.1752577319587,170.0,540.3159378685556,145.44329896907215,85.0,242.51043659123224,30,100.0,100.0,0.0,16390.556737588646,1833.0,49932.237023840134,10.4,8.5,7.384046176117434,2153.4666666666667,1341.5,1942.0002793659612,1098.1666666666665,683.5,959.145024571842,112.6,0.0,142.69272508822394,66.3,0.0,84.25787592369282,676.6,74.0,1103.0781883688808,293.3666666666666,31.5,480.2784740582052,high
ENSG00000197375,570.0,477.0,279.0,368.0,577.0,569.0,494.0,425.0,398.0,61.0,358.0,402.0,263.0,463.0,259.0,395.0,450.0,573.0,288.0,301.0,487.0,526.0,443.0,387.0,438.0,100.0,491.0,450.0,241.0,505.0,332.0,393.0,346.0,684.0,415.0,423.0,71.0,100.0,88.0,73.0,580.0,110.0,518.0,629.0,311.0,711.0,487.0,545.0,328.0,331.0,237.0,288.0,477.0,648.0,453.0,586.0,453.0,61.0,470.0,573.0,369.0,485.0,479.0,769.0,25863,12497,100.0,36,548.111111111111,163.5,1074.1182903141075,266.3611111111111,82.5,487.1712021032546,9,100.0,100.0,0.0,2189.68,1526.0,2671.9419402833028,6.555555555555555,6.0,2.7436796055257213,2565.777777777778,998.0,3163.912679649115,1261.111111111111,523.0,1463.1707388787922,32.66666666666667,0.0,74.63745708422815,25.11111111111111,0.0,56.673283927359556,335.66666666666663,0.0,486.1167555227859,156.88888888888889,0.0,213.84015317781436,high
ENSG00000159214,103.0,92.0,36.0,30.0,106.0,173.0,123.0,60.0,70.0,25.0,76.0,49.0,30.0,53.0,45.0,44.0,68.0,166.0,52.0,61.0,124.0,172.0,157.0,103.0,108.0,49.0,162.0,103.0,37.0,116.0,57.0,36.0,61.0,164.0,101.0,53.0,26.0,61.0,39.0,17.0,138.0,51.0,163.0,151.0,41.0,161.0,115.0,83.0,30.0,40.0,31.0,28.0,91.0,150.0,103.0,66.0,63.0,18.0,102.0,97.0,21.0,80.0,63.0,74.0,5170,2996,100.0,43,226.09302325581396,139.0,236.35866752050978,142.18604651162792,92.0,141.18263346155805,11,100.0,100.0,0.0,548.0833333333333,178.5,569.0568852940496,6.454545454545454,6.0,1.572490786213793,1112.2727272727273,860.0,627.7241577172398,697.6363636363636,566.0,369.3313614431552,79.27272727272728,95.0,73.5800121080323,56.27272727272727,72.0,51.084422105160215,437.18181818181813,316.0,657.083528660066,263.6363636363637,186.0,384.6066231169902,high
ENSG00000171863,173.0,106.0,71.0,104.0,112.0,111.0,80.0,128.0,77.0,25.0,37.0,81.0,64.0,99.0,51.0,130.0,119.0,113.0,52.0,99.0,106.0,112.0,84.0,109.0,62.0,49.0,77.0,98.0,94.0,125.0,60.0,124.0,62.0,110.0,42.0,64.0,27.0,50.0,42.0,33.0,59.0,49.0,69.0,89.0,65.0,117.0,84.0,113.0,100.0,102.0,55.0,77.0,138.0,137.0,80.0,133.0,80.0,29.0,83.0,111.0,112.0,147.0,108.0,214.0,5715,2558,100.0,27,358.4444444444445,124.0,956.6863216063657,165.33333333333334,63.0,403.6693239235837,9,100.0,100.0,0.0,812.75,599.0,760.8086064933058,5.0,6.0,2.1213203435596424,1275.2222222222222,786.0,1565.1033334717692,591.3333333333333,385.0,673.3567033898155,50.33333333333333,0.0,67.51666460956139,30.11111111111111,0.0,40.340564090145186,35.0,0.0,71.90097356781756,12.444444444444446,0.0,31.10108965579467,high
ENSG00000196329,1043.0,582.0,409.0,655.0,682.0,555.0,433.0,377.0,607.0,70.0,375.0,449.0,455.0,491.0,376.0,547.0,610.0,475.0,297.0,358.0,497.0,414.0,325.0,323.0,435.0,44.0,363.0,419.0,243.0,398.0,293.0,325.0,538.0,691.0,512.0,495.0,49.0,64.0,55.0,71.0,622.0,62.0,492.0,605.0,328.0,627.0,540.0,595.0,498.0,299.0,283.0,361.0,511.0,526.0,448.0,488.0,572.0,63.0,551.0,617.0,415.0,458.0,594.0,824.0,27781,12166,100.0,18,602.8333333333333,236.5,873.2657603704008,295.1111111111111,120.0,396.32026397092903,7,100.0,100.0,0.0,3499.769230769231,2309.0,3888.559440929382,2.857142857142857,3.0,0.8997354108424372,1564.1428571428573,653.0,1565.3724187949044,765.7142857142857,340.0,709.6486722986509,99.28571428571429,0.0,169.93598234405243,57.57142857142858,0.0,98.3426952766992,142.85714285714286,0.0,377.9644730092272,68.85714285714285,0.0,182.17887599044752,high
ENSG00000159176,454.0,501.0,254.0,320.0,563.0,667.0,500.0,394.0,393.0,70.0,344.0,359.0,198.0,419.0,301.0,389.0,434.0,614.0,276.0,340.0,535.0,664.0,554.0,397.0,477.0,105.0,554.0,496.0,223.0,473.0,293.0,336.0,382.0,750.0,435.0,367.0,68.0,105.0,105.0,72.0,593.0,111.0,573.0,693.0,257.0,805.0,571.0,483.0,260.0,259.0,201.0,280.0,498.0,713.0,473.0,462.0,471.0,64.0,499.0,568.0,322.0,449.0,437.0,702.0,25927,13141,100.0,43,582.1162790697676,130.0,1260.35193893086,300.53488372093017,70.0,614.7136905691953,19,100.0,100.0,0.0,5381.797101449275,3701.0,4229.339371231669,4.631578947368421,5.0,1.4985372985307104,1721.578947368421,758.0,2089.4678832391082,913.263157894737,404.0,1031.0472476567622,80.10526315789474,0.0,122.75309217053109,54.78947368421053,0.0,85.39033184108038,211.52631578947367,0.0,396.49735440073704,116.36842105263159,0.0,217.75399231607818,high
ENSG00000177082,522.0,275.0,172.0,262.0,341.0,405.0,282.0,254.0,245.0,44.0,208.0,232.0,155.0,224.0,188.0,213.0,275.0,398.0,175.0,182.0,326.0,296.0,295.0,247.0,247.0,66.0,277.0,287.0,162.0,304.0,165.0,181.0,213.0,423.0,253.0,216.0,50.0,70.0,55.0,53.0,345.0,66.0,239.0,328.0,177.0,400.0,293.0,265.0,221.0,186.0,129.0,119.0,314.0,393.0,245.0,258.0,268.0,52.0,254.0,288.0,161.0,282.0,216.0,324.0,15063,7330,100.0,58,416.13793103448273,165.0,754.0524773091029,214.58620689655172,93.5,366.96488834777745,21,100.0,100.0,0.0,1909.5625,985.0,1594.1519363136726,5.571428571428571,6.0,2.014235055087379,1492.4285714285713,997.0,1380.5712068353653,761.0952380952381,539.0,688.1098680270402,2.9047619047619047,0.0,13.311291304395535,2.142857142857143,0.0,9.819805060619657,272.3809523809524,0.0,915.8245179176238,133.95238095238096,0.0,429.2729290545208,high
ENSG00000213213,135.0,181.0,100.0,71.0,218.0,361.0,252.0,124.0,183.0,59.0,197.0,130.0,42.0,140.0,122.0,86.0,145.0,327.0,138.0,131.0,280.0,438.0,355.0,173.0,224.0,102.0,336.0,270.0,74.0,215.0,134.0,78.0,147.0,375.0,254.0,130.0,54.0,145.0,99.0,55.0,335.0,127.0,413.0,295.0,85.0,395.0,274.0,137.0,60.0,72.0,77.0,58.0,190.0,301.0,226.0,149.0,164.0,65.0,224.0,196.0,66.0,116.0,119.0,166.0,11392,6741,100.0,46,178.9565217391304,122.5,164.5960653670054,107.65217391304347,72.5,106.27348731588793,8,100.0,100.0,0.0,716.7796610169491,490.0,781.8118449847788,8.375,9.0,4.172614801981401,1322.625,1496.5,655.3999732987484,783.625,883.0,396.09123678408093,10.375,0.0,19.52242300535464,7.0,0.0,13.136644494368742,101.5,0.0,274.7736730994646,60.125,0.0,160.96711066017716,high
ENSG00000237765,883.0,537.0,341.0,583.0,549.0,480.0,305.0,409.0,437.0,54.0,253.0,342.0,480.0,435.0,299.0,604.0,524.0,437.0,191.0,316.0,389.0,366.0,254.0,329.0,334.0,86.0,257.0,305.0,307.0,556.0,226.0,385.0,438.0,414.0,288.0,432.0,56.0,82.0,81.0,68.0,385.0,84.0,256.0,376.0,328.0,448.0,347.0,423.0,500.0,355.0,266.0,487.0,474.0,410.0,342.0,667.0,416.0,63.0,335.0,523.0,493.0,454.0,465.0,893.0,23904,9768,100.0,48,390.5,161.0,741.4791427605609,150.39583333333331,92.0,243.96744983299354,23,100.0,100.0,0.0,2688.5918367346944,1403.0,2817.619695168005,3.130434782608696,3.0,0.7570485649179112,1041.9565217391305,654.0,985.9802449736308,400.78260869565213,268.0,328.2789773295295,117.69565217391307,0.0,311.2279834904149,46.739130434782595,0.0,123.79683407293668,71.21739130434783,0.0,310.42419020690494,23.739130434782602,0.0,108.31654678903126,high
ENSG00000114857,1894.0,948.0,639.0,1223.0,984.0,749.0,587.0,924.0,754.0,83.0,447.0,779.0,1036.0,834.0,618.0,1432.0,963.0,709.0,346.0,684.0,644.0,492.0,467.0,547.0,597.0,114.0,466.0,634.0,652.0,738.0,461.0,919.0,718.0,844.0,503.0,827.0,102.0,107.0,94.0,133.0,612.0,124.0,420.0,800.0,628.0,902.0,694.0,1126.0,1129.0,743.0,575.0,1186.0,973.0,802.0,663.0,1165.0,929.0,115.0,623.0,1137.0,1317.0,1129.0,1031.0,2611.0,48128,18068,100.0,77,542.8181818181818,133.0,932.6173233273843,210.81818181818184,63.0,351.35376261992275,19,100.0,100.0,0.0,2652.2110091743116,878.0,4319.30534339809,6.7368421052631575,5.0,5.635621875013321,2649.4736842105262,876.0,2838.636925795764,1048.0,341.0,1127.814651832866,88.68421052631578,0.0,248.7180582800933,48.36842105263158,0.0,117.32396294321872,667.3684210526316,0.0,1736.8269027333952,265.8421052631579,0.0,702.4728751709044,high
ENSG00000127074,1130.0,535.0,410.0,770.0,640.0,318.0,271.0,414.0,564.0,43.0,217.0,399.0,655.0,472.0,347.0,749.0,557.0,346.0,194.0,317.0,311.0,194.0,165.0,212.0,280.0,24.0,196.0,276.0,297.0,286.0,216.0,353.0,493.0,416.0,319.0,497.0,33.0,26.0,28.0,45.0,379.0,21.0,210.0,356.0,375.0,382.0,341.0,488.0,665.0,345.0,300.0,639.0,430.0,344.0,312.0,482.0,502.0,44.0,343.0,555.0,622.0,428.0,540.0,1049.0,24169,8634,100.0,15,599.6,167.0,929.8643372633912,200.13333333333335,68.0,324.2291664563081,4,100.0,100.0,0.0,4596.64705882353,3527.0,3790.840703939835,5.25,6.0,2.217355782608345,2401.75,1511.5,1811.6403938604003,808.25,482.5,660.5307840416423,135.75,127.5,157.32847803242743,48.0,45.0,55.641710972974224,380.0,368.5,439.18788690035615,98.75,96.0,114.11507350039258,high
ENSG00000213930,372.0,190.0,153.0,173.0,279.0,327.0,250.0,205.0,190.0,35.0,176.0,198.0,136.0,187.0,151.0,188.0,189.0,354.0,131.0,172.0,275.0,298.0,300.0,203.0,230.0,63.0,263.0,249.0,114.0,244.0,146.0,129.0,195.0,365.0,196.0,165.0,45.0,72.0,66.0,33.0,297.0,67.0,262.0,315.0,153.0,358.0,289.0,232.0,132.0,152.0,119.0,152.0,247.0,380.0,189.0,192.0,203.0,51.0,240.0,270.0,152.0,219.0,178.0,345.0,12903,6472,100.0,92,232.73913043478265,134.0,255.25014103020365,132.5217391304348,85.0,139.99014708349534,29,100.0,100.0,0.0,309.87218045112775,170.0,723.835369838543,5.586206896551724,5.0,2.427774427320368,1048.7931034482758,890.0,503.4796335298086,601.3793103448276,526.0,269.4477704216936,19.10344827586207,0.0,60.72146291973954,12.379310344827585,0.0,39.622697132815404,120.48275862068965,0.0,242.39174618928277,66.10344827586206,0.0,134.89740673870486,high
ENSG00000154438,2785.0,1290.0,940.0,1979.0,1392.0,881.0,692.0,1179.0,1226.0,112.0,652.0,1107.0,1705.0,1218.0,904.0,2130.0,1281.0,853.0,490.0,931.0,807.0,516.0,529.0,650.0,756.0,92.0,533.0,723.0,953.0,785.0,509.0,1179.0,1120.0,995.0,781.0,1268.0,96.0,100.0,100.0,126.0,939.0,91.0,562.0,929.0,925.0,1056.0,815.0,1399.0,1808.0,1006.0,886.0,1779.0,1260.0,1005.0,783.0,1471.0,1243.0,127.0,774.0,1436.0,1896.0,1460.0,1351.0,3534.0,64902,22889,100.0,37,176.86486486486484,114.0,225.80881320293972,66.8918918918919,42.0,73.05887419813625,6,100.0,100.0,0.0,5993.732142857142,1874.0,9714.275994153368,10.333333333333334,11.5,3.6696957185394363,1993.3333333333333,2309.0,1041.3634652063931,722.8333333333334,835.5,358.20687691146674,36.33333333333333,23.5,44.54510822376198,19.166666666666668,16.5,21.43284084452331,217.16666666666669,0.0,379.45983538006584,67.66666666666666,0.0,125.81361876468965,high
ENSG00000204348,24.0,35.0,29.0,17.0,47.0,73.0,48.0,17.0,27.0,24.0,54.0,26.0,17.0,34.0,25.0,10.0,37.0,66.0,38.0,25.0,64.0,67.0,61.0,37.0,39.0,20.0,68.0,57.0,19.0,42.0,30.0,20.0,30.0,67.0,44.0,29.0,15.0,31.0,23.0,22.0,68.0,31.0,100.0,86.0,20.0,76.0,75.0,50.0,14.0,17.0,20.0,15.0,40.0,58.0,52.0,34.0,36.0,16.0,63.0,52.0,10.0,32.0,38.0,20.0,2483,1458,100.0,47,363.2127659574468,233.0,348.3710500732512,215.55319148936172,140.0,209.86484351587046,15,100.0,100.0,0.0,686.4561403508771,533.0,432.1368446525541,4.8,5.0,1.8593393604027362,1416.6666666666667,1474.0,438.98139672048364,833.7333333333333,882.0,258.3678072235855,89.93333333333332,0.0,157.51846452612043,55.53333333333334,0.0,98.25540091783154,45.4,0.0,116.38163821791527,22.333333333333336,0.0,63.751377202677716,high
ENSG00000054690,1533.0,1067.0,652.0,885.0,1168.0,1300.0,1032.0,890.0,1000.0,177.0,802.0,857.0,705.0,910.0,680.0,855.0,947.0,1194.0,632.0,661.0,1080.0,1103.0,976.0,831.0,904.0,187.0,1039.0,1047.0,561.0,1022.0,622.0,728.0,894.0,1496.0,995.0,864.0,140.0,243.0,192.0,169.0,1333.0,212.0,1105.0,1355.0,662.0,1536.0,1246.0,1062.0,763.0,633.0,557.0,740.0,1046.0,1343.0,977.0,1043.0,1013.0,168.0,1059.0,1247.0,765.0,941.0,939.0,1525.0,56312,27039,100.0,85,307.1176470588236,142.0,530.3561115345206,152.24705882352941,74.0,232.96627110676204,16,100.0,100.0,0.0,1012.7685185185187,728.0,1618.3650374725946,7.75,4.0,8.465616732800196,1950.0625,692.5,1974.1181480600394,991.0,362.5,1002.1144312568966,8.25,0.0,33.0,6.0,0.0,24.0,284.9375,0.0,652.6598367449923,129.1875,0.0,289.50077000473306,high
ENSG00000117481,713.0,419.0,253.0,416.0,471.0,494.0,451.0,432.0,312.0,62.0,348.0,431.0,326.0,330.0,303.0,452.0,363.0,548.0,244.0,284.0,431.0,380.0,426.0,327.0,383.0,125.0,497.0,439.0,254.0,399.0,298.0,319.0,392.0,546.0,392.0,370.0,91.0,137.0,136.0,80.0,547.0,154.0,530.0,656.0,309.0,655.0,597.0,515.0,333.0,335.0,264.0,341.0,446.0,553.0,431.0,431.0,459.0,103.0,512.0,549.0,384.0,477.0,425.0,894.0,24976,11825,100.0,31,504.3548387096773,283.0,724.2293627660184,256.7741935483871,160.0,339.9331022105594,9,100.0,100.0,0.0,3626.1176470588234,3120.0,2782.8380299419628,4.777777777777778,5.0,1.6414763002993507,1953.5555555555557,2087.0,1389.235861104146,1003.7777777777778,1088.0,668.3307148743386,162.33333333333331,8.0,300.99875415024565,94.77777777777777,5.0,174.52061323650122,1047.3333333333335,537.0,1253.391698552372,508.0,295.0,569.1772571001059,high
ENSG00000185189,73.0,88.0,68.0,56.0,113.0,186.0,156.0,55.0,84.0,41.0,148.0,85.0,31.0,87.0,69.0,52.0,81.0,164.0,111.0,50.0,162.0,258.0,227.0,115.0,148.0,100.0,228.0,170.0,33.0,132.0,71.0,45.0,81.0,217.0,143.0,101.0,44.0,109.0,96.0,28.0,213.0,99.0,339.0,284.0,48.0,259.0,229.0,124.0,49.0,41.0,36.0,32.0,88.0,209.0,167.0,83.0,97.0,37.0,220.0,121.0,46.0,69.0,106.0,77.0,7381,4510,100.0,52,349.0384615384616,103.0,618.4525902078846,203.0,69.0,332.74762266942923,10,100.0,100.0,0.0,532.8787878787878,260.0,553.5161497326364,10.9,11.5,5.546770832355224,2303.9,2164.0,1166.6799475434557,1358.7,1300.5,632.082281915188,48.0,0.0,111.63432367431722,34.20000000000001,0.0,77.79860038729632,236.10000000000002,0.0,613.410221629865,128.8,0.0,325.2994517876311,high
ENSG00000011485,981.0,683.0,417.0,591.0,878.0,1154.0,812.0,758.0,756.0,193.0,651.0,595.0,436.0,648.0,480.0,724.0,613.0,1108.0,516.0,507.0,896.0,1239.0,1036.0,685.0,818.0,246.0,931.0,877.0,403.0,992.0,564.0,601.0,578.0,1306.0,880.0,718.0,164.0,300.0,236.0,190.0,1061.0,273.0,1038.0,1083.0,387.0,1257.0,995.0,843.0,501.0,505.0,381.0,472.0,806.0,1163.0,788.0,927.0,847.0,178.0,835.0,927.0,633.0,787.0,748.0,1390.0,45988,23341,100.0,52,330.98076923076917,151.0,432.30315662827314,186.07692307692307,89.0,225.32624244735666,15,100.0,100.0,0.0,2176.6363636363635,926.0,4343.986090620271,6.133333333333334,5.0,4.015446366695678,1479.2,1235.0,1090.7885221251643,831.2666666666667,749.0,601.0888295022467,27.33333333333333,0.0,81.7886358388557,17.533333333333335,0.0,50.495921570341665,96.06666666666666,0.0,199.5854513258729,56.53333333333334,0.0,119.29906398068117,high
ENSG00000187889,4027.0,2357.0,1500.0,2693.0,2508.0,1775.0,1289.0,1763.0,1906.0,166.0,1046.0,1655.0,2271.0,2100.0,1384.0,2731.0,2290.0,1725.0,925.0,1510.0,1610.0,1049.0,925.0,1124.0,1367.0,93.0,904.0,1310.0,1297.0,1577.0,870.0,1594.0,1902.0,1789.0,1179.0,1996.0,134.0,125.0,94.0,178.0,1587.0,108.0,1068.0,1642.0,1453.0,1864.0,1485.0,2053.0,2358.0,1464.0,1169.0,2287.0,2198.0,1759.0,1366.0,2272.0,2007.0,164.0,1387.0,2248.0,2257.0,2054.0,2067.0,3836.0,100893,38828,100.0,47,171.0212765957447,90.0,232.7801247829957,67.85106382978724,29.0,91.05707209919746,5,100.0,100.0,0.0,5292.104166666666,2891.0,6573.962014142348,10.6,14.0,7.797435475847172,1709.6,1904.0,1049.0604367718763,681.4,660.0,466.17839932798256,16.2,0.0,36.2243012354966,9.4,0.0,21.019038988498025,173.4,0.0,387.73418729846355,51.2,0.0,114.48668044798924,high
ENSG00000140553,462.0,388.0,219.0,234.0,458.0,610.0,502.0,349.0,333.0,116.0,337.0,291.0,151.0,340.0,239.0,266.0,336.0,595.0,264.0,287.0,484.0,658.0,565.0,429.0,421.0,165.0,587.0,540.0,213.0,535.0,304.0,267.0,317.0,690.0,385.0,299.0,122.0,190.0,167.0,105.0,556.0,203.0,577.0,658.0,215.0,773.0,561.0,402.0,188.0,246.0,208.0,176.0,418.0,678.0,479.0,436.0,382.0,100.0,493.0,462.0,239.0,363.0,333.0,546.0,23914,12871,100.0,64,223.0625,153.0,199.52704992254473,130.75,89.0,113.66352460396794,15,100.0,100.0,0.0,922.9450549450551,307.0,1099.4945137818497,7.066666666666666,5.0,6.169819014093255,1403.6666666666667,855.0,1090.2305566560985,824.5333333333333,498.0,653.6130207947061,58.33333333333333,0.0,215.1051791455475,38.06666666666667,0.0,139.8716077932425,50.26666666666667,0.0,132.6533972784859,29.466666666666665,0.0,77.76233633566416,high
ENSG00000105971,10202.0,5044.0,3702.0,6477.0,5450.0,3493.0,2853.0,3551.0,5262.0,497.0,2445.0,3775.0,5441.0,4331.0,3029.0,6148.0,4850.0,3259.0,2058.0,2961.0,3131.0,2135.0,2068.0,2048.0,3027.0,329.0,2150.0,2599.0,2623.0,2745.0,1792.0,3085.0,4957.0,4057.0,3350.0,4427.0,353.0,440.0,368.0,414.0,3940.0,401.0,2340.0,3372.0,3184.0,3622.0,3450.0,4206.0,5416.0,2987.0,2869.0,5083.0,4194.0,3314.0,2816.0,4232.0,4562.0,348.0,3118.0,4716.0,5108.0,3858.0,4473.0,8625.0,221162,83741,100.0,47,224.23404255319147,135.0,389.5544396160912,97.87234042553193,59.0,142.79182430335985,15,100.0,100.0,0.0,23116.358024691355,5404.0,40928.67162280881,6.4,6.0,3.6606010435446255,1126.3333333333333,971.0,711.1432110810499,490.06666666666666,405.0,293.8406921802227,29.06666666666667,0.0,100.98052617542979,22.93333333333333,0.0,79.34325668229397,243.33333333333334,0.0,644.8412503052499,84.93333333333332,0.0,216.46658160644785,high
ENSG00000101294,1728.0,1053.0,716.0,865.0,1277.0,1558.0,1245.0,990.0,1089.0,179.0,1002.0,977.0,609.0,868.0,777.0,920.0,914.0,1398.0,683.0,681.0,1079.0,1244.0,1322.0,918.0,1206.0,305.0,1330.0,1119.0,645.0,1188.0,718.0,755.0,1006.0,1895.0,1255.0,1001.0,215.0,314.0,289.0,230.0,1622.0,351.0,1418.0,1588.0,670.0,1723.0,1458.0,1103.0,714.0,724.0,594.0,627.0,1105.0,1446.0,1104.0,1168.0,1240.0,213.0,1229.0,1270.0,735.0,1044.0,999.0,1786.0,63496,31644,100.0,73,242.10958904109583,117.0,494.76033933511235,131.83561643835614,60.0,250.17410680134498,25,100.0,100.0,0.0,4149.10447761194,3994.0,3769.887298665765,6.36,6.0,3.426368339802363,1051.6,757.0,913.5176973290298,570.44,423.0,486.978017984385,19.919999999999998,0.0,43.87189685132538,13.320000000000004,0.0,29.18721181156797,277.68,0.0,812.0562234229842,144.64000000000004,0.0,409.71198013563964,high
ENSG00000157379,182.0,162.0,84.0,144.0,186.0,213.0,149.0,143.0,139.0,30.0,124.0,147.0,105.0,118.0,105.0,177.0,139.0,182.0,98.0,99.0,158.0,150.0,163.0,133.0,158.0,37.0,164.0,145.0,92.0,182.0,111.0,138.0,139.0,243.0,161.0,138.0,22.0,36.0,48.0,38.0,205.0,40.0,209.0,252.0,95.0,217.0,253.0,192.0,113.0,104.0,97.0,124.0,152.0,205.0,144.0,209.0,179.0,37.0,209.0,213.0,145.0,193.0,169.0,296.0,9236,4437,100.0,36,303.1944444444445,177.5,346.73982172264834,159.77777777777774,108.0,158.69199477714434,11,100.0,100.0,0.0,1379.2272727272727,780.0,1229.9992222277058,5.0,5.0,2.898275349237888,1226.4545454545455,1181.0,699.9937662060089,652.4545454545455,620.0,346.1893596390171,66.63636363636364,0.0,116.281789397371,41.0,0.0,71.54718722633336,137.45454545454544,0.0,301.89977265190635,70.0,0.0,160.45123869886453,high
ENSG00000203965,2231.0,952.0,685.0,1540.0,1026.0,727.0,549.0,879.0,879.0,99.0,509.0,828.0,1417.0,906.0,628.0,1682.0,938.0,694.0,368.0,716.0,628.0,411.0,431.0,514.0,533.0,80.0,429.0,615.0,709.0,602.0,380.0,849.0,863.0,754.0,539.0,874.0,91.0,88.0,90.0,88.0,722.0,89.0,388.0,681.0,703.0,825.0,627.0,1015.0,1376.0,780.0,723.0,1503.0,971.0,758.0,587.0,1059.0,897.0,89.0,554.0,1046.0,1553.0,1042.0,951.0,2560.0,49322,17335,100.0,34,247.5,153.5,461.83003891960607,88.6764705882353,57.0,155.384512427453,6,100.0,100.0,0.0,3771.6551724137926,2698.0,3059.79065899079,5.833333333333334,4.5,4.355073669487885,1427.3333333333333,861.0,1370.591502478644,512.0,354.5,451.0206203711755,41.0,0.0,100.42907945411031,22.333333333333332,0.0,54.705270922157645,29.5,0.0,72.25994741210376,6.166666666666667,0.0,15.10518674716293,high
ENSG00000163541,1129.0,705.0,429.0,870.0,763.0,651.0,439.0,714.0,581.0,79.0,347.0,536.0,704.0,696.0,426.0,1060.0,720.0,604.0,285.0,564.0,555.0,448.0,380.0,501.0,463.0,58.0,394.0,489.0,514.0,645.0,371.0,723.0,500.0,688.0,414.0,656.0,66.0,85.0,81.0,92.0,522.0,101.0,356.0,596.0,400.0,727.0,529.0,807.0,784.0,570.0,414.0,796.0,789.0,701.0,504.0,946.0,692.0,86.0,478.0,842.0,946.0,872.0,772.0,1866.0,36523,14336,100.0,33,207.69696969696966,152.0,259.92937560620254,90.72727272727272,63.0,103.52363037227076,9,100.0,100.0,0.0,4546.5161290322585,3406.0,3281.622371845647,4.444444444444445,4.0,2.242270674512285,873.4444444444445,717.0,477.5039557718635,383.77777777777777,326.0,201.7212047466613,23.444444444444443,0.0,70.33333333333333,12.888888888888891,0.0,38.66666666666667,52.77777777777778,0.0,104.97830463693174,23.0,0.0,46.47042069962354,high
ENSG00000168676,1202.0,731.0,444.0,607.0,807.0,940.0,698.0,559.0,686.0,113.0,492.0,568.0,422.0,589.0,495.0,649.0,653.0,876.0,401.0,468.0,758.0,720.0,730.0,473.0,629.0,125.0,695.0,659.0,336.0,654.0,361.0,450.0,670.0,967.0,661.0,613.0,108.0,138.0,114.0,111.0,884.0,139.0,716.0,804.0,445.0,928.0,731.0,696.0,459.0,430.0,353.0,467.0,725.0,882.0,566.0,658.0,712.0,94.0,640.0,769.0,506.0,660.0,629.0,1069.0,37336,17714,100.0,55,265.4727272727273,161.0,349.28688487563903,140.9090909090909,92.0,183.45968098046652,11,100.0,100.0,0.0,3996.1408450704225,1553.0,5132.3283000875235,7.454545454545455,4.0,6.234799697883427,1949.2727272727273,702.0,1865.4460641309945,1031.8181818181818,372.0,986.7107801358834,34.727272727272734,0.0,65.81806880954639,20.636363636363633,0.0,37.073636798330774,77.9090909090909,0.0,169.67996613946772,38.0,0.0,85.8079250419214,high
ENSG00000166295,873.0,322.0,249.0,465.0,399.0,419.0,332.0,327.0,294.0,66.0,256.0,338.0,356.0,274.0,291.0,408.0,341.0,440.0,188.0,242.0,328.0,247.0,326.0,276.0,330.0,94.0,311.0,303.0,199.0,327.0,172.0,315.0,323.0,451.0,301.0,322.0,69.0,88.0,94.0,72.0,406.0,86.0,263.0,353.0,223.0,470.0,337.0,334.0,373.0,264.0,215.0,300.0,415.0,423.0,286.0,338.0,367.0,77.0,278.0,370.0,374.0,391.0,292.0,796.0,19861,8631,100.0,13,698.3076923076923,169.0,1004.519900633746,304.84615384615387,99.0,418.03146734702597,5,100.0,100.0,0.0,5800.307692307692,6310.0,3433.277549335217,3.6,3.0,0.8944271909999159,2484.8,3100.0,1177.9960526249654,1081.8,1350.0,526.7235517802484,142.0,100.0,203.2043306625132,82.8,67.0,112.93670793856177,1645.6,2742.0,1502.2206229445794,687.6,1146.0,627.6900509009204,high
ENSG00000089006,777.0,517.0,337.0,544.0,532.0,478.0,398.0,536.0,409.0,77.0,290.0,472.0,377.0,448.0,310.0,651.0,488.0,468.0,255.0,368.0,400.0,367.0,360.0,405.0,362.0,109.0,361.0,458.0,397.0,476.0,273.0,528.0,378.0,533.0,328.0,454.0,78.0,112.0,97.0,108.0,439.0,109.0,314.0,486.0,321.0,621.0,423.0,660.0,532.0,426.0,328.0,420.0,569.0,574.0,435.0,626.0,483.0,100.0,383.0,609.0,611.0,659.0,569.0,1369.0,27384,11537,100.0,62,282.62903225806457,111.5,527.6955851802439,133.2741935483871,58.0,224.2175589674881,19,100.0,100.0,0.0,2169.7961165048546,1479.0,2841.294786865158,6.421052631578948,6.0,4.4760571622018235,1318.5263157894738,845.0,952.6084871680293,599.1578947368421,432.0,374.1772104168314,102.36842105263159,0.0,149.35684730288503,75.47368421052633,0.0,110.29725916865277,159.4736842105263,0.0,254.16822260093204,66.89473684210526,0.0,100.38475688671406,high
ENSG00000142920,951.0,674.0,432.0,701.0,754.0,816.0,603.0,630.0,610.0,101.0,500.0,577.0,580.0,673.0,458.0,805.0,634.0,773.0,362.0,514.0,673.0,753.0,682.0,535.0,611.0,137.0,653.0,718.0,416.0,741.0,422.0,546.0,582.0,866.0,600.0,707.0,111.0,132.0,118.0,123.0,816.0,136.0,698.0,918.0,426.0,1024.0,834.0,844.0,591.0,490.0,394.0,594.0,745.0,941.0,717.0,837.0,718.0,110.0,717.0,915.0,647.0,802.0,746.0,1491.0,39427,18107,100.0,55,356.0909090909091,172.0,574.1353006342176,201.30909090909094,94.0,308.60875823049105,19,100.0,100.0,0.0,3835.317307692307,1198.0,5473.468360064718,6.473684210526316,6.0,2.8745709061939735,1601.1052631578948,879.0,1486.4751705792255,909.6842105263158,541.0,802.9208520999078,47.63157894736842,0.0,149.55237303600953,31.315789473684205,0.0,97.84457779309375,29.47368421052632,0.0,90.93609992190035,16.473684210526315,0.0,50.243151463715414,high
ENSG00000197070,70.0,101.0,69.0,41.0,114.0,255.0,195.0,124.0,130.0,48.0,150.0,97.0,15.0,91.0,70.0,86.0,77.0,220.0,118.0,98.0,202.0,345.0,330.0,195.0,192.0,121.0,341.0,232.0,56.0,253.0,140.0,101.0,94.0,317.0,184.0,86.0,38.0,127.0,115.0,76.0,231.0,129.0,312.0,337.0,47.0,424.0,224.0,143.0,40.0,50.0,54.0,37.0,160.0,344.0,246.0,155.0,128.0,58.0,206.0,172.0,63.0,137.0,130.0,164.0,9707,5906,100.0,40,230.425,141.0,278.5254108464423,147.25,87.5,172.76985581091128,12,100.0,100.0,0.0,1305.3200000000002,194.0,2541.4458719398294,5.166666666666667,5.0,1.7494587907710375,1003.0833333333333,830.0,745.0256198564076,632.75,514.5,470.2177686987169,10.416666666666668,0.0,19.25644323494362,9.083333333333332,0.0,16.833183317663376,59.0,0.0,149.17104276634927,36.75,0.0,92.12553194616375,high
ENSG00000103187,1239.0,797.0,540.0,732.0,967.0,1169.0,896.0,767.0,816.0,229.0,698.0,688.0,528.0,829.0,550.0,783.0,794.0,1188.0,560.0,597.0,1019.0,1216.0,1053.0,826.0,876.0,330.0,1052.0,1017.0,487.0,1316.0,616.0,718.0,665.0,1311.0,898.0,840.0,210.0,329.0,300.0,287.0,1121.0,352.0,1084.0,1250.0,431.0,1495.0,1111.0,1019.0,610.0,503.0,433.0,521.0,943.0,1400.0,1026.0,1256.0,902.0,215.0,973.0,1101.0,621.0,985.0,914.0,1483.0,52484,26369,100.0,15,725.0,375.0,940.5570537870477,391.8666666666666,224.0,462.1984525329023,6,100.0,100.0,0.0,18911.88888888889,24603.0,11291.644803176865,2.5,2.0,0.8366600265340756,1812.5,1229.0,1805.947479856488,979.6666666666667,725.5,874.2138563684898,72.0,0.0,116.46973855899223,55.66666666666667,0.0,88.58141264772574,470.5,193.0,598.7272333876253,249.33333333333331,96.0,320.69653360562955,high
ENSG00000106258,1240.0,706.0,555.0,779.0,814.0,573.0,438.0,475.0,759.0,80.0,408.0,581.0,632.0,598.0,488.0,755.0,717.0,550.0,349.0,440.0,536.0,363.0,295.0,355.0,479.0,33.0,302.0,408.0,344.0,436.0,313.0,419.0,723.0,660.0,546.0,648.0,72.0,40.0,59.0,58.0,624.0,54.0,332.0,518.0,409.0,660.0,506.0,623.0,600.0,384.0,378.0,606.0,634.0,573.0,430.0,624.0,715.0,62.0,486.0,690.0,584.0,567.0,646.0,1072.0,31805,12871,100.0,56,259.0,155.0,315.9651879558886,111.83928571428572,68.0,139.86081091060294,15,100.0,100.0,0.0,2516.8349514563106,2005.0,1915.5968101765502,7.866666666666666,6.0,4.373077809027587,1645.6,1623.0,987.8401981812935,714.6,669.0,425.1506959722803,26.6,0.0,45.66930823086457,14.333333333333332,0.0,24.610295948376297,275.8666666666666,0.0,797.9984664026321,112.33333333333333,0.0,334.29812756765193,high
ENSG00000134548,443.0,254.0,174.0,292.0,286.0,180.0,132.0,181.0,198.0,26.0,108.0,188.0,224.0,185.0,157.0,335.0,266.0,169.0,97.0,146.0,164.0,136.0,107.0,111.0,130.0,39.0,94.0,157.0,130.0,136.0,100.0,167.0,195.0,203.0,120.0,205.0,26.0,37.0,44.0,25.0,171.0,38.0,122.0,158.0,139.0,187.0,179.0,263.0,258.0,153.0,129.0,258.0,202.0,165.0,137.0,217.0,224.0,29.0,165.0,265.0,305.0,213.0,247.0,478.0,11071,4262,100.0,21,292.76190476190476,132.0,453.54282099509686,119.85714285714286,64.0,151.05141035895218,7,100.0,100.0,0.0,1383.6818181818182,1212.0,859.0382987395258,4.142857142857143,4.0,1.0690449676496976,1340.5714285714287,1683.0,689.0502780743112,531.0,624.0,251.40670900621038,29.42857142857143,0.0,62.03992570073227,12.714285714285714,0.0,26.234292352531547,307.85714285714283,0.0,654.2783374506166,102.28571428571429,0.0,216.32284074635166,high
ENSG00000133812,19101.0,9581.0,6918.0,13227.0,10678.0,8068.0,6527.0,9432.0,9097.0,996.0,5382.0,8254.0,11432.0,9333.0,6667.0,14994.0,9639.0,7716.0,4202.0,7374.0,7063.0,5331.0,5207.0,6054.0,6474.0,1026.0,5380.0,6830.0,7038.0,7525.0,4891.0,9247.0,8531.0,9473.0,6334.0,9417.0,973.0,1060.0,962.0,1243.0,8485.0,1125.0,5335.0,8297.0,6819.0,9631.0,7635.0,11211.0,11556.0,7935.0,6276.0,12408.0,10217.0,9195.0,7014.0,11972.0,9699.0,1091.0,7145.0,11915.0,12886.0,11909.0,10657.0,26449.0,515541,197529,100.0,96,254.59375,130.5,610.813755370653,109.16666666666667,58.5,252.87765573875794,15,100.0,100.0,0.0,10231.07638888889,3055.0,22352.120474518986,10.6,5.0,12.84412038916751,2332.9333333333334,993.0,2557.1724470222034,1008.8,448.0,1102.052708099105,9.2,0.0,35.63144678510823,7.0,0.0,27.110883423451916,246.0,0.0,612.9324129601426,94.46666666666665,0.0,235.59040323247055,high
ENSG00000198912,186.0,156.0,85.0,161.0,192.0,191.0,218.0,163.0,161.0,52.0,159.0,149.0,112.0,156.0,114.0,189.0,154.0,203.0,115.0,137.0,163.0,237.0,199.0,152.0,179.0,68.0,227.0,214.0,90.0,292.0,139.0,193.0,127.0,266.0,217.0,135.0,43.0,94.0,78.0,69.0,220.0,123.0,233.0,249.0,137.0,288.0,241.0,227.0,122.0,139.0,104.0,138.0,211.0,229.0,193.0,329.0,185.0,41.0,206.0,281.0,164.0,226.0,219.0,427.0,11169,5509,100.0,11,612.0909090909091,489.0,700.2420230956516,317.54545454545456,256.0,374.8237889025625,3,100.0,100.0,0.0,4218.555555555556,3300.0,2711.612348359879,4.0,4.0,1.0,2560.6666666666665,2517.0,917.2798555148441,1298.0,1240.0,518.4390031623778,33.0,0.0,57.15767664977295,26.0,0.0,45.033320996790806,278.33333333333337,0.0,482.08747477333753,116.33333333333334,0.0,201.4952439471794,high
ENSG00000187066,56.0,74.0,46.0,33.0,88.0,131.0,85.0,54.0,95.0,19.0,72.0,70.0,37.0,57.0,51.0,37.0,60.0,107.0,54.0,38.0,96.0,164.0,124.0,60.0,80.0,19.0,104.0,103.0,33.0,67.0,71.0,39.0,59.0,127.0,115.0,83.0,14.0,42.0,23.0,22.0,115.0,37.0,107.0,109.0,50.0,144.0,108.0,67.0,34.0,50.0,41.0,28.0,61.0,107.0,75.0,74.0,94.0,26.0,85.0,87.0,33.0,49.0,61.0,44.0,4397,2443,100.0,13,469.5384615384616,160.0,1103.115558723308,259.15384615384613,86.0,616.8416660907732,6,100.0,100.0,0.0,462.6666666666667,432.0,155.21356255173063,2.5,2.5,1.0488088481701516,1073.0,465.0,1498.9969979956597,591.6666666666667,247.5,840.593044621871,39.5,30.0,48.015622457696,21.833333333333336,18.0,25.348898726900675,23.333333333333336,0.0,37.07110285204187,11.166666666666666,0.0,18.11537100549328,high
ENSG00000122566,389.0,243.0,168.0,281.0,207.0,212.0,157.0,232.0,140.0,55.0,104.0,171.0,216.0,198.0,115.0,303.0,216.0,216.0,89.0,166.0,226.0,206.0,134.0,191.0,115.0,87.0,106.0,175.0,202.0,203.0,101.0,253.0,143.0,179.0,88.0,163.0,40.0,90.0,47.0,67.0,144.0,57.0,101.0,145.0,117.0,202.0,128.0,252.0,333.0,170.0,125.0,222.0,214.0,248.0,145.0,269.0,174.0,45.0,136.0,208.0,316.0,273.0,219.0,664.0,11603,4649,100.0,37,536.9189189189188,123.0,959.90567761104,211.37837837837841,66.0,389.4835149379347,8,100.0,100.0,0.0,1100.84375,654.0,1013.8367831251046,9.0,10.5,3.927922024247863,2994.0,2631.5,2060.9910930701,1214.125,1048.0,861.1043470036436,90.375,84.5,97.83212662515315,57.875,54.0,62.69754495079646,747.375,246.5,1095.2239089402156,254.0,79.5,375.2644781636394,high
ENSG00000169660,622.0,414.0,262.0,243.0,528.0,747.0,497.0,298.0,368.0,136.0,355.0,293.0,194.0,267.0,211.0,229.0,398.0,656.0,261.0,216.0,493.0,637.0,716.0,441.0,486.0,243.0,628.0,500.0,172.0,567.0,293.0,271.0,302.0,789.0,458.0,295.0,115.0,265.0,203.0,138.0,602.0,234.0,672.0,582.0,192.0,765.0,514.0,307.0,219.0,211.0,171.0,147.0,396.0,638.0,441.0,425.0,388.0,108.0,435.0,403.0,190.0,301.0,316.0,462.0,24328,13412,100.0,64,180.90625,100.0,178.600353609739,113.90625,60.0,114.3511326905818,15,100.0,100.0,0.0,1818.0454545454547,1009.0,1904.1045133894659,6.866666666666666,6.0,3.41983012666391,1087.4,862.0,549.3082402960498,683.3333333333334,555.0,368.49223032449925,92.86666666666666,0.0,151.83114054137656,59.73333333333333,0.0,104.30002511071241,259.93333333333334,208.0,268.7679473520039,164.4,136.0,174.6399561546964,low
ENSG00000246223,1837.0,1155.0,743.0,1157.0,1288.0,1029.0,758.0,802.0,1094.0,109.0,646.0,794.0,828.0,1035.0,729.0,1108.0,1150.0,922.0,531.0,701.0,903.0,762.0,689.0,630.0,857.0,79.0,625.0,719.0,496.0,785.0,630.0,699.0,1023.0,1184.0,912.0,1027.0,90.0,132.0,73.0,127.0,1043.0,118.0,779.0,1059.0,617.0,1107.0,1040.0,1139.0,882.0,616.0,457.0,815.0,1022.0,1061.0,760.0,1051.0,1152.0,116.0,949.0,1331.0,829.0,968.0,1149.0,1595.0,52515,22649,100.0,15,566.2,174.0,698.9624146854087,265.73333333333335,93.0,305.01392630189076,6,100.0,100.0,0.0,12833.76923076923,8837.0,12579.598404783876,3.1666666666666665,3.0,0.40824829046386296,1598.8333333333333,1778.0,779.3583044188769,747.6666666666666,851.0,340.64566145287495,0.0,0.0,0.0,0.0,0.0,0.0,0.0,0.0,0.0,0.0,0.0,0.0,low
ENSG00000144524,671.0,498.0,315.0,462.0,510.0,544.0,430.0,494.0,434.0,71.0,326.0,418.0,372.0,426.0,270.0,564.0,463.0,533.0,265.0,345.0,478.0,408.0,403.0,406.0,398.0,111.0,421.0,491.0,341.0,552.0,282.0,510.0,407.0,585.0,402.0,412.0,79.0,120.0,106.0,93.0,507.0,131.0,432.0,573.0,274.0,701.0,563.0,593.0,405.0,362.0,267.0,414.0,539.0,623.0,482.0,692.0,467.0,85.0,464.0,649.0,461.0,657.0,549.0,1276.0,27584,12385,100.0,62,369.61290322580646,188.5,498.54349678983186,191.48387096774192,93.5,258.3270098109849,25,100.0,100.0,0.0,3617.102040816326,2503.0,2656.0220138270565,4.92,5.0,1.7776388834631176,1321.52,914.0,921.1067220107197,681.72,478.0,475.43624879332316,110.28,119.0,107.54864015876723,63.88,77.0,59.9356043322053,542.3599999999999,200.0,704.6016534184404,280.76,104.0,365.8753521806755,low
ENSG00000080493,13793.0,7660.0,5425.0,10178.0,8411.0,5926.0,4539.0,6947.0,6928.0,678.0,3786.0,6350.0,8736.0,7793.0,4964.0,11468.0,8044.0,5765.0,3187.0,5774.0,5449.0,4044.0,3416.0,4442.0,4859.0,479.0,3177.0,5164.0,5110.0,5908.0,3581.0,6650.0,6306.0,6532.0,4459.0,7480.0,539.0,508.0,428.0,811.0,5591.0,556.0,3373.0,5911.0,5057.0,7171.0,5294.0,9194.0,8913.0,5866.0,4671.0,9529.0,8371.0,6873.0,5295.0,9049.0,7399.0,573.0,5095.0,9291.0,10077.0,8716.0,8519.0,18722.0,384802,144259,100.0,45,399.8222222222223,158.0,900.6494194566924,155.2888888888889,75.0,301.6774784601944,6,100.0,100.0,0.0,14826.591304347829,6936.0,19131.820889346338,20.166666666666668,23.5,6.794605703546503,4802.5,4547.0,2462.030280073744,2005.0,1977.0,904.0564141689389,117.0,117.0,74.63511238016595,69.66666666666667,91.0,37.200358421212385,1897.0,1336.5,1959.3837806820795,648.5,470.5,659.3174500951723,low
ENSG00000160014,102.0,148.0,91.0,74.0,186.0,243.0,205.0,100.0,112.0,37.0,150.0,117.0,37.0,140.0,99.0,73.0,141.0,233.0,128.0,121.0,229.0,342.0,249.0,140.0,158.0,101.0,273.0,212.0,41.0,184.0,101.0,104.0,118.0,283.0,158.0,117.0,33.0,106.0,88.0,57.0,253.0,96.0,383.0,301.0,74.0,303.0,267.0,195.0,54.0,70.0,39.0,37.0,175.0,269.0,201.0,133.0,153.0,50.0,227.0,209.0,48.0,151.0,173.0,226.0,9720,5590,100.0,41,252.5121951219512,136.0,367.06921159034977,144.14634146341464,75.0,204.1547894338521,13,100.0,100.0,0.0,1349.3333333333335,258.0,1732.9935491828685,5.153846153846154,6.0,1.4051188470584879,1026.6923076923076,702.0,665.6468513928619,581.8461538461538,392.0,374.89283938965946,94.07692307692307,136.0,92.27265895021985,62.69230769230769,79.0,63.081144324043215,268.0,29.0,491.60417681979334,151.61538461538458,23.0,276.2038916155777,low
ENSG00000145014,1147.0,693.0,531.0,644.0,928.0,1195.0,876.0,664.0,688.0,252.0,598.0,667.0,455.0,626.0,538.0,669.0,711.0,1153.0,522.0,530.0,925.0,1044.0,1006.0,716.0,811.0,295.0,1036.0,840.0,432.0,963.0,551.0,556.0,616.0,1369.0,763.0,632.0,237.0,345.0,311.0,243.0,1036.0,351.0,933.0,1042.0,431.0,1279.0,968.0,762.0,541.0,448.0,389.0,482.0,826.0,1107.0,789.0,879.0,846.0,238.0,795.0,890.0,542.0,733.0,712.0,1218.0,46017,23410,100.0,52,247.25,129.0,280.10627359951064,141.94230769230768,85.0,149.31088943668527,14,100.0,100.0,0.0,5003.421686746988,4781.0,4101.940293771997,6.928571428571429,6.5,3.149219334626031,1338.7142857142858,1245.0,652.3153353273988,779.4285714285714,727.0,381.5550599012726,84.21428571428571,33.0,105.09203188080039,61.21428571428571,29.0,70.63141442231426,360.85714285714283,137.0,387.2122965988588,194.42857142857142,81.5,204.28777375431574,low
ENSG00000128284,634.0,499.0,325.0,401.0,550.0,621.0,431.0,454.0,460.0,87.0,354.0,345.0,291.0,422.0,292.0,459.0,454.0,600.0,288.0,324.0,502.0,595.0,434.0,381.0,441.0,68.0,379.0,454.0,231.0,499.0,288.0,401.0,409.0,682.0,427.0,403.0,81.0,84.0,64.0,81.0,541.0,86.0,488.0,565.0,249.0,679.0,517.0,507.0,362.0,275.0,205.0,336.0,533.0,612.0,413.0,503.0,480.0,69.0,459.0,588.0,407.0,461.0,499.0,817.0,25848,12203,100.0,47,312.59574468085106,127.0,457.67140574179695,157.36170212765958,65.0,226.42106077451623,21,100.0,100.0,0.0,5796.375,4368.0,4112.723240970414,3.6666666666666665,4.0,1.016530045465127,1267.095238095238,576.0,1079.92443739189,635.7619047619048,293.0,521.527363113567,247.0952380952381,0.0,641.1524705373836,112.0,0.0,279.94713786713373,605.6190476190476,419.0,682.8513363969113,305.8095238095238,212.0,350.6392190054642,low
ENSG00000196118,116.0,101.0,71.0,53.0,119.0,140.0,123.0,71.0,93.0,37.0,83.0,73.0,49.0,64.0,49.0,47.0,84.0,148.0,63.0,48.0,114.0,115.0,139.0,71.0,112.0,68.0,125.0,114.0,36.0,89.0,66.0,43.0,92.0,158.0,103.0,70.0,25.0,65.0,64.0,36.0,136.0,59.0,150.0,114.0,51.0,139.0,109.0,96.0,48.0,46.0,49.0,38.0,85.0,119.0,93.0,56.0,83.0,26.0,101.0,94.0,45.0,61.0,80.0,71.0,5288,2903,100.0,44,281.3409090909091,196.0,273.8555843473419,173.04545454545456,115.0,181.0271667323372,12,100.0,100.0,0.0,892.7368421052631,799.0,625.8269536699819,5.75,6.0,2.3011854652449344,1294.1666666666667,1344.0,580.8319790428105,785.5833333333334,805.0,362.3951781570985,163.33333333333331,0.0,291.9122948400562,110.16666666666667,0.0,192.52429992238916,86.08333333333334,4.5,158.79286584234268,47.91666666666667,3.0,93.63513164826477,low
ENSG00000188295,181.0,73.0,70.0,122.0,86.0,66.0,61.0,80.0,69.0,21.0,58.0,71.0,77.0,89.0,45.0,98.0,109.0,79.0,42.0,44.0,79.0,56.0,60.0,59.0,63.0,27.0,62.0,49.0,61.0,98.0,53.0,58.0,58.0,86.0,54.0,79.0,22.0,40.0,27.0,17.0,64.0,32.0,57.0,82.0,47.0,85.0,69.0,80.0,98.0,55.0,53.0,64.0,87.0,93.0,52.0,114.0,81.0,26.0,58.0,79.0,85.0,74.0,77.0,148.0,4411,1900,100.0,14,359.28571428571433,149.5,442.5535045569116,173.57142857142858,82.5,196.92275497913246,5,100.0,100.0,0.0,1486.7692307692307,1800.0,842.020303975915,3.6,4.0,0.5477225575051661,1094.4,730.0,686.0111515128599,527.8,360.0,325.13489508202593,135.4,166.0,46.69368265622235,86.0,104.0,28.939592256975562,288.6,383.0,193.45361201073501,130.6,175.0,91.13341867833117,low
ENSG00000142330,368.0,413.0,337.0,249.0,522.0,850.0,549.0,411.0,376.0,123.0,498.0,375.0,223.0,433.0,281.0,356.0,379.0,739.0,377.0,340.0,662.0,957.0,825.0,497.0,570.0,205.0,790.0,670.0,202.0,736.0,371.0,397.0,332.0,915.0,491.0,433.0,122.0,259.0,197.0,146.0,746.0,270.0,783.0,907.0,286.0,1033.0,716.0,564.0,288.0,265.0,167.0,271.0,529.0,875.0,664.0,652.0,479.0,125.0,635.0,647.0,280.0,518.0,518.0,794.0,30990,16917,100.0,53,284.1698113207547,203.0,317.1011568671773,174.92452830188682,132.0,180.5412640939423,16,100.0,100.0,0.0,1310.0299999999997,776.0,2928.6481849157126,7.25,7.0,4.2972859651955515,1710.4375,1633.0,1097.1362704027852,1079.75,995.0,694.6806940362361,47.1875,41.0,64.50035529617905,36.625,31.0,50.558052441393215,457.0625,416.5,442.21525207376857,267.125,249.5,275.55177976803805,low
ENSG00000120008,2229.0,1155.0,755.0,1594.0,1134.0,869.0,663.0,1157.0,1017.0,122.0,504.0,963.0,1360.0,1148.0,732.0,1789.0,1121.0,796.0,462.0,856.0,776.0,517.0,502.0,628.0,704.0,106.0,547.0,765.0,866.0,909.0,533.0,1112.0,869.0,1021.0,680.0,1093.0,115.0,128.0,118.0,138.0,812.0,129.0,501.0,822.0,717.0,1029.0,791.0,1318.0,1514.0,850.0,709.0,1486.0,1210.0,909.0,839.0,1497.0,1131.0,142.0,712.0,1305.0,1616.0,1369.0,1234.0,3153.0,58350,21482,100.0,92,229.32608695652172,122.5,333.81978782056007,99.09782608695653,63.5,130.5759902355384,17,100.0,100.0,0.0,2166.7777777777783,1159.0,2496.2873975454595,8.941176470588236,4.0,9.030992388957692,1665.5294117647059,651.0,1686.2931283456867,724.1764705882354,339.0,715.4300485804079,102.88235294117646,0.0,244.55083376287573,50.35294117647059,0.0,113.21933424578519,425.23529411764713,0.0,1083.2615409846646,177.76470588235293,0.0,460.1592834839591,low
ENSG00000128805,5373.0,4056.0,2466.0,3615.0,4572.0,4981.0,3834.0,3187.0,3925.0,504.0,2763.0,2975.0,2788.0,3711.0,2459.0,3713.0,3822.0,4476.0,2299.0,2547.0,4215.0,4580.0,3731.0,2810.0,3883.0,702.0,3656.0,3683.0,1879.0,3739.0,2320.0,2681.0,3416.0,5698.0,3641.0,3712.0,445.0,828.0,589.0,563.0,4916.0,779.0,4329.0,4701.0,2225.0,5556.0,4127.0,3830.0,2899.0,2343.0,1761.0,2797.0,3912.0,4947.0,3770.0,4059.0,3743.0,440.0,3977.0,4379.0,2908.0,3683.0,3633.0,5679.0,210232,100379,100.0,48,277.9166666666667,180.5,266.45224979053893,165.1875,122.0,178.89598264461665,15,100.0,100.0,0.0,18071.95945945946,5103.5,24513.445892943717,5.933333333333334,5.0,3.3904628143128326,1566.0,1951.0,957.6906002014877,961.9333333333333,1244.0,625.4834092428792,146.53333333333333,0.0,233.1737141111342,89.33333333333334,0.0,148.53410703397705,205.73333333333332,51.0,299.1474711974172,121.2,28.0,191.03372925817501,low
ENSG00000117281,806.0,400.0,322.0,489.0,450.0,398.0,286.0,311.0,411.0,54.0,251.0,339.0,402.0,315.0,275.0,463.0,385.0,354.0,200.0,251.0,337.0,262.0,261.0,199.0,277.0,60.0,280.0,267.0,197.0,265.0,182.0,232.0,400.0,434.0,301.0,341.0,51.0,59.0,80.0,46.0,404.0,78.0,302.0,396.0,297.0,376.0,379.0,377.0,425.0,258.0,232.0,374.0,352.0,340.0,257.0,320.0,384.0,44.0,347.0,427.0,393.0,313.0,366.0,682.0,19818,8331,100.0,14,439.85714285714283,143.5,816.1837893648576,188.21428571428572,83.0,324.0631891305314,5,100.0,100.0,0.0,4382.5,4138.5,2267.433342248116,3.8,3.0,1.3038404810405297,1432.2,1424.0,1206.8499078178695,623.0,625.0,483.4857805561607,92.0,84.0,96.46761114488116,48.4,45.0,50.99313679310187,861.4,660.0,1171.6952675503985,340.6,262.0,462.0831094078207,low
ENSG00000048140,123.0,165.0,91.0,75.0,204.0,376.0,216.0,136.0,161.0,54.0,166.0,122.0,51.0,149.0,82.0,98.0,160.0,332.0,134.0,115.0,314.0,488.0,369.0,238.0,202.0,94.0,323.0,283.0,77.0,284.0,165.0,128.0,115.0,352.0,209.0,121.0,43.0,123.0,68.0,75.0,269.0,110.0,356.0,346.0,88.0,437.0,260.0,170.0,56.0,83.0,69.0,69.0,180.0,421.0,249.0,205.0,165.0,51.0,236.0,204.0,61.0,186.0,149.0,165.0,11668,6849,100.0,38,390.8157894736843,144.5,635.3511416984061,230.3421052631579,87.0,366.5810095430616,9,100.0,100.0,0.0,1293.6393442622953,843.0,1399.275586780375,7.777777777777778,8.0,1.7159383568311666,2015.7777777777778,2361.0,1242.1504314874444,1187.0,1368.0,724.1396619437442,91.11111111111111,111.0,73.80115928026545,74.11111111111111,92.0,59.423152988638286,782.0,618.0,803.5196015032863,451.44444444444446,349.0,465.2695753837529,low
ENSG00000100372,1841.0,869.0,611.0,1106.0,1033.0,874.0,710.0,858.0,829.0,128.0,593.0,813.0,923.0,804.0,639.0,1181.0,835.0,935.0,454.0,679.0,748.0,628.0,687.0,662.0,646.0,165.0,690.0,758.0,635.0,866.0,453.0,798.0,780.0,982.0,714.0,809.0,144.0,189.0,144.0,144.0,891.0,186.0,583.0,958.0,620.0,1068.0,887.0,1049.0,971.0,689.0,584.0,953.0,978.0,1034.0,717.0,1088.0,919.0,142.0,752.0,1095.0,1019.0,1079.0,930.0,2219.0,49770,20788,100.0,57,203.0,122.0,291.96410004362815,91.57894736842105,60.0,112.75319877762435,17,100.0,100.0,0.0,6928.2448979591845,3198.0,7223.929922627681,6.764705882352941,7.0,2.077540967246671,1173.8235294117646,749.0,755.0208801164142,516.2352941176471,357.0,301.8479603649337,158.76470588235293,102.0,221.47475290983076,84.17647058823529,61.0,83.08973710251288,533.5294117647059,371.0,502.61231551354007,216.70588235294116,152.0,199.371125261998,low
ENSG00000203859,238.0,175.0,107.0,156.0,211.0,150.0,126.0,140.0,181.0,19.0,103.0,133.0,150.0,136.0,104.0,157.0,150.0,175.0,87.0,91.0,129.0,103.0,101.0,82.0,103.0,11.0,112.0,122.0,87.0,132.0,101.0,90.0,157.0,201.0,159.0,133.0,10.0,21.0,15.0,14.0,198.0,18.0,118.0,179.0,97.0,186.0,184.0,183.0,130.0,77.0,83.0,167.0,153.0,141.0,106.0,174.0,168.0,12.0,180.0,216.0,123.0,120.0,187.0,231.0,8105,3550,100.0,17,296.0,165.0,365.39379441911706,143.0,81.0,172.904959443042,6,100.0,100.0,0.0,1928.25,2073.5,1429.6311179228485,3.6666666666666665,4.0,0.5163977794943222,1009.1666666666666,737.5,592.2119271567119,493.6666666666667,369.0,279.12482273468027,97.83333333333333,65.0,113.78649597674878,47.5,34.0,54.20608821894456,138.16666666666669,0.0,214.04711319395707,56.5,0.0,87.52999485890537,low
ENSG00000131148,764.0,513.0,296.0,395.0,602.0,659.0,564.0,459.0,441.0,118.0,398.0,381.0,263.0,412.0,293.0,427.0,494.0,623.0,326.0,325.0,519.0,506.0,532.0,383.0,547.0,182.0,514.0,509.0,273.0,562.0,289.0,401.0,360.0,805.0,486.0,408.0,117.0,157.0,161.0,140.0,583.0,169.0,503.0,650.0,270.0,700.0,549.0,572.0,350.0,343.0,230.0,267.0,530.0,617.0,495.0,543.0,489.0,106.0,490.0,551.0,384.0,511.0,505.0,838.0,27851,13616,100.0,17,433.7647058823529,206.0,520.5482121537549,231.0,113.0,258.0830777094849,6,100.0,100.0,0.0,4631.857142857143,2984.0,3993.0793950214734,3.3333333333333335,3.5,1.632993161855452,1269.3333333333333,1338.5,711.3698522334685,675.1666666666666,690.0,358.36206086396294,93.0,0.0,145.67086187704115,71.0,0.0,110.8692924122816,429.66666666666663,126.5,578.1808252326141,193.5,71.0,252.24412778100503,low
ENSG00000107951,1797.0,1048.0,772.0,1227.0,1212.0,1238.0,945.0,1188.0,1032.0,217.0,763.0,987.0,1001.0,1026.0,697.0,1557.0,979.0,1223.0,557.0,901.0,1037.0,994.0,988.0,830.0,882.0,198.0,1027.0,1075.0,772.0,1160.0,599.0,1114.0,899.0,1443.0,975.0,1021.0,186.0,223.0,226.0,192.0,1194.0,218.0,925.0,1331.0,698.0,1531.0,1281.0,1354.0,1169.0,868.0,695.0,1132.0,1226.0,1394.0,1023.0,1435.0,1230.0,194.0,953.0,1471.0,1393.0,1361.0,1271.0,3091.0,64648,28034,100.0,37,313.7837837837838,173.0,673.3171670969836,141.13513513513516,74.0,275.19297897234895,5,100.0,100.0,0.0,3828.1282051282055,1668.0,4523.2667932735185,8.8,9.0,5.403702434442518,2657.2,2071.0,2141.2713980250146,1226.8,1196.0,936.1178878752397,40.6,0.0,68.87524954582742,18.0,0.0,33.45893004864322,810.0,0.0,1679.2057646399383,327.4,0.0,688.7763062126919,low
ENSG00000174032,707.0,465.0,310.0,483.0,513.0,489.0,363.0,456.0,418.0,72.0,267.0,385.0,392.0,435.0,264.0,608.0,458.0,465.0,226.0,365.0,428.0,371.0,372.0,363.0,334.0,94.0,371.0,435.0,302.0,514.0,251.0,436.0,355.0,515.0,339.0,384.0,71.0,113.0,83.0,96.0,420.0,112.0,281.0,452.0,290.0,568.0,412.0,519.0,446.0,376.0,267.0,467.0,502.0,561.0,415.0,588.0,421.0,85.0,346.0,517.0,572.0,549.0,442.0,1162.0,25140,10795,100.0,30,464.93333333333334,95.5,1196.9199821534278,190.2,50.0,472.12917577786874,8,100.0,100.0,0.0,3172.8222222222225,2137.0,2677.1983344948917,6.625,5.5,2.615202805574687,2049.875,838.0,2123.4141940011878,864.375,400.0,841.2677402077686,149.5,152.5,114.1903173278215,79.875,75.0,59.64762598556866,785.0,171.0,1169.4257442987011,303.0,69.0,438.42836196057,low
ENSG00000074660,220.0,183.0,92.0,108.0,242.0,377.0,240.0,168.0,185.0,57.0,164.0,135.0,107.0,135.0,100.0,91.0,177.0,334.0,163.0,136.0,291.0,485.0,365.0,205.0,207.0,148.0,354.0,239.0,84.0,282.0,146.0,90.0,122.0,403.0,215.0,123.0,72.0,163.0,108.0,55.0,302.0,135.0,350.0,301.0,75.0,396.0,250.0,129.0,84.0,107.0,71.0,66.0,205.0,320.0,235.0,174.0,169.0,58.0,220.0,175.0,63.0,121.0,126.0,185.0,11890,6905,100.0,43,360.34883720930236,129.0,459.9356002394937,228.62790697674419,88.0,273.8345019181349,9,100.0,100.0,0.0,1348.476923076923,936.0,1061.4789521537318,8.222222222222221,10.0,3.492054473292827,2350.8888888888887,2698.0,1078.5367917280853,1531.5555555555557,1805.0,661.4828250058937,17.11111111111111,15.0,20.096295955004024,12.777777777777779,11.0,14.956418168948222,800.2222222222222,368.0,1004.3454059458053,477.1111111111111,191.0,634.2419578608082,low
ENSG00000004399,570.0,741.0,439.0,383.0,880.0,1506.0,1147.0,640.0,752.0,251.0,788.0,588.0,265.0,676.0,464.0,417.0,680.0,1332.0,639.0,461.0,1209.0,1988.0,1511.0,843.0,1039.0,411.0,1537.0,1126.0,331.0,1198.0,627.0,486.0,566.0,1733.0,973.0,718.0,212.0,478.0,402.0,297.0,1419.0,507.0,1779.0,1520.0,339.0,1763.0,1230.0,798.0,317.0,367.0,328.0,260.0,811.0,1580.0,1053.0,862.0,780.0,220.0,1120.0,896.0,337.0,669.0,695.0,688.0,51644,30154,100.0,80,217.36249999999998,141.0,276.2363803275298,131.28750000000002,81.0,176.47190716651568,17,100.0,100.0,0.0,1240.9418604651162,814.0,1953.3372911636673,6.0588235294117645,4.0,8.135344094100248,1252.6470588235293,626.0,1615.3332837674886,754.6470588235295,386.0,1023.3840274535548,15.647058823529411,0.0,47.06902003503815,12.0,0.0,39.05924986478875,181.64705882352942,0.0,443.65568591764804,107.17647058823529,0.0,260.5938495278903,low
ENSG00000068308,605.0,514.0,339.0,413.0,649.0,870.0,541.0,554.0,528.0,100.0,531.0,485.0,339.0,474.0,429.0,572.0,467.0,768.0,395.0,445.0,660.0,834.0,745.0,631.0,519.0,186.0,726.0,643.0,361.0,777.0,425.0,568.0,437.0,880.0,566.0,541.0,140.0,188.0,186.0,121.0,756.0,205.0,841.0,1059.0,381.0,1025.0,896.0,780.0,362.0,452.0,344.0,415.0,626.0,979.0,602.0,824.0,621.0,144.0,763.0,895.0,492.0,755.0,673.0,1315.0,36359,18154,100.0,32,310.28125,163.5,302.44948758482394,180.46875,86.0,178.06721898150275,8,100.0,100.0,0.0,4210.0,1394.5,4808.578376193946,8.5,9.0,2.32992949004287,1937.125,2282.0,900.1181569263957,1122.5,1325.5,560.0119896675683,85.875,45.0,119.04793452339152,55.0,31.5,75.13606704791363,544.0,638.0,417.6132865976095,297.75,345.5,226.55667849663706,low
ENSG00000130254,867.0,582.0,360.0,490.0,683.0,778.0,685.0,612.0,489.0,194.0,449.0,445.0,293.0,525.0,343.0,657.0,571.0,829.0,391.0,460.0,703.0,774.0,702.0,636.0,591.0,324.0,724.0,687.0,348.0,876.0,465.0,698.0,412.0,932.0,555.0,514.0,190.0,330.0,269.0,229.0,698.0,287.0,620.0,795.0,294.0,966.0,725.0,682.0,449.0,415.0,271.0,354.0,675.0,933.0,670.0,910.0,636.0,213.0,607.0,740.0,554.0,821.0,663.0,1406.0,37048,18278,100.0,54,189.2037037037037,113.0,267.9838336175587,99.09259259259258,60.0,122.96329695045277,11,100.0,100.0,0.0,2191.719298245614,1515.0,1709.917904821185,6.181818181818182,5.0,5.269121023817575,1069.7272727272727,633.0,927.5399819855844,560.1818181818182,367.0,508.4123952426452,47.09090909090909,0.0,92.96069550670813,28.272727272727273,0.0,57.628275887954366,155.0,0.0,302.1201747649435,68.72727272727272,0.0,133.90152419527635,low
ENSG00000154545,56.0,119.0,62.0,40.0,132.0,186.0,160.0,84.0,87.0,48.0,130.0,59.0,24.0,99.0,72.0,44.0,103.0,196.0,86.0,88.0,174.0,222.0,185.0,120.0,131.0,75.0,221.0,176.0,44.0,146.0,98.0,54.0,95.0,198.0,135.0,85.0,48.0,93.0,81.0,47.0,184.0,93.0,323.0,282.0,49.0,255.0,258.0,124.0,24.0,49.0,41.0,26.0,119.0,200.0,176.0,91.0,111.0,53.0,208.0,169.0,23.0,86.0,113.0,84.0,7446,4469,100.0,52,253.96153846153842,174.0,310.41976397171203,152.13461538461542,101.0,194.98195279444568,11,100.0,100.0,0.0,386.5568181818182,323.0,301.957896812173,9.0,12.0,5.059644256269407,1925.6363636363635,2495.0,1085.4237212008288,1139.2727272727273,1469.0,633.4361989828321,22.72727272727273,0.0,59.47115419947878,15.636363636363635,0.0,41.11513766795078,38.18181818181818,0.0,85.06681865665153,18.18181818181818,0.0,40.51374626424513,low
ENSG00000154864,16629.0,9260.0,6429.0,11481.0,10126.0,8323.0,6657.0,7978.0,9356.0,1308.0,5270.0,7597.0,9403.0,9158.0,6475.0,12352.0,9327.0,8117.0,4597.0,6485.0,7535.0,6059.0,5499.0,5603.0,7090.0,1168.0,5530.0,6867.0,5553.0,7916.0,4797.0,7540.0,8239.0,9587.0,7293.0,9321.0,1130.0,1311.0,1118.0,1493.0,8457.0,1365.0,6006.0,8672.0,5787.0,10065.0,8115.0,10214.0,9605.0,6120.0,5212.0,10101.0,9735.0,9003.0,7380.0,10732.0,9537.0,1211.0,7694.0,11045.0,10295.0,9711.0,10100.0,19139.0,482280,197856,100.0,108,218.97222222222226,159.0,376.5820077579095,97.00925925925927,71.0,141.0119299897926,14,100.0,100.0,0.0,8863.581632653053,2624.5,18470.22922367843,22.0,5.5,24.009613459227918,3915.3571428571427,1846.0,3925.1484363336817,1798.4285714285713,834.5,1849.6458170016356,65.0,0.0,142.40462395258422,34.642857142857146,0.0,76.42352350588754,738.6428571428572,0.0,1317.0878486642043,304.85714285714283,0.0,574.0659111371015,low
ENSG00000100802,792.0,464.0,294.0,453.0,533.0,563.0,403.0,417.0,381.0,77.0,316.0,350.0,359.0,362.0,281.0,443.0,466.0,587.0,231.0,285.0,470.0,396.0,399.0,334.0,371.0,110.0,396.0,405.0,256.0,479.0,234.0,315.0,380.0,569.0,353.0,347.0,89.0,113.0,113.0,86.0,480.0,132.0,371.0,514.0,259.0,565.0,517.0,455.0,365.0,296.0,246.0,360.0,477.0,527.0,368.0,447.0,417.0,81.0,414.0,527.0,393.0,413.0,407.0,954.0,24259,11079,100.0,48,279.91666666666663,155.5,307.73267158870306,149.375,75.5,161.36605999759968,21,100.0,100.0,0.0,4148.342465753425,2793.0,3541.310673164111,4.476190476190476,4.0,2.040074695177792,994.3333333333333,588.0,788.086945287976,528.6190476190476,329.0,417.213311890989,280.3809523809524,283.0,189.75127830675507,144.28571428571428,139.0,101.41801755957512,88.95238095238095,0.0,288.16791566558487,40.42857142857142,0.0,129.46836348257878,low
ENSG00000141198,2114.0,1094.0,848.0,1414.0,1312.0,1183.0,838.0,1095.0,1006.0,145.0,740.0,1064.0,1136.0,1062.0,748.0,1615.0,1108.0,1124.0,557.0,834.0,929.0,815.0,814.0,841.0,885.0,156.0,743.0,880.0,756.0,969.0,625.0,1086.0,997.0,1312.0,836.0,1064.0,139.0,169.0,141.0,155.0,1114.0,157.0,754.0,1177.0,841.0,1265.0,1056.0,1417.0,1252.0,898.0,714.0,1249.0,1243.0,1232.0,871.0,1345.0,1204.0,146.0,965.0,1458.0,1380.0,1394.0,1344.0,2743.0,62570,25716,100.0,81,190.41975308641975,106.0,248.61747043387408,83.65432098765432,49.0,96.92821576994842,23,100.0,100.0,0.0,3874.835227272727,1698.0,4145.29981836337,8.652173913043478,7.0,4.667184236309101,1195.0434782608695,754.0,707.6300059327916,521.695652173913,336.0,313.3939482479184,128.65217391304347,20.0,277.33711168501515,75.60869565217392,9.0,155.65250899780656,321.04347826086956,82.0,448.1036282603378,121.21739130434783,37.0,165.83067939693495,low
ENSG00000089169,9518.0,6150.0,4160.0,6687.0,7123.0,6694.0,4955.0,5241.0,6009.0,710.0,3936.0,4931.0,5285.0,6178.0,4350.0,7213.0,5916.0,6539.0,3258.0,4481.0,5836.0,5645.0,4362.0,4446.0,5101.0,640.0,4232.0,5244.0,3417.0,5810.0,3328.0,4837.0,5603.0,7205.0,5020.0,6218.0,657.0,731.0,587.0,773.0,6524.0,731.0,5068.0,6764.0,3843.0,7514.0,6480.0,7047.0,5479.0,4119.0,3148.0,5640.0,6577.0,7219.0,5313.0,6932.0,6412.0,667.0,5851.0,7945.0,5841.0,6539.0,6717.0,11104.0,328502,143857,100.0,104,230.43269230769226,88.0,460.76678945063105,119.8846153846154,47.5,226.49303157768165,27,100.0,100.0,0.0,16348.726457399103,3356.0,37642.23639457676,9.25925925925926,7.0,6.155626523087466,1425.962962962963,572.0,1441.330781483703,762.3333333333334,320.0,755.7350471815249,188.74074074074073,195.0,151.35734400433162,105.48148148148148,113.0,86.28992737829581,212.25925925925924,0.0,566.0893917308463,110.22222222222224,0.0,288.3223801091321,low
ENSG00000100445,55.0,56.0,37.0,45.0,69.0,93.0,54.0,43.0,46.0,18.0,51.0,42.0,19.0,48.0,32.0,42.0,57.0,83.0,32.0,33.0,69.0,100.0,68.0,48.0,43.0,25.0,77.0,62.0,29.0,54.0,36.0,31.0,43.0,89.0,61.0,33.0,20.0,25.0,27.0,15.0,92.0,28.0,77.0,83.0,40.0,78.0,65.0,58.0,39.0,31.0,27.0,30.0,47.0,67.0,58.0,44.0,45.0,15.0,75.0,54.0,39.0,36.0,56.0,44.0,3140,1681,100.0,58,328.0344827586207,157.5,307.617498048905,190.25862068965517,98.0,168.12981203911977,22,100.0,100.0,0.0,895.8730158730159,941.0,429.5427611017923,3.8636363636363638,4.0,1.3200091827045153,1019.9090909090909,955.0,515.949509258315,588.6363636363636,555.0,278.16054724437475,160.90909090909093,0.0,222.20623391257593,95.68181818181819,0.0,130.80970779601813,78.0,0.0,132.81709585885756,37.63636363636364,0.0,63.74767630091494,low
ENSG00000143851,389.0,304.0,174.0,166.0,386.0,451.0,307.0,184.0,249.0,43.0,229.0,209.0,126.0,201.0,167.0,140.0,275.0,423.0,178.0,150.0,355.0,402.0,349.0,194.0,273.0,60.0,327.0,289.0,101.0,251.0,156.0,122.0,239.0,474.0,259.0,192.0,38.0,82.0,51.0,39.0,402.0,70.0,408.0,378.0,162.0,431.0,342.0,240.0,130.0,127.0,118.0,126.0,247.0,365.0,242.0,213.0,240.0,37.0,294.0,299.0,112.0,184.0,206.0,197.0,14576,7713,100.0,60,230.41666666666669,137.0,320.63767458235753,133.64999999999998,80.0,177.1536558940012,19,100.0,100.0,0.0,1605.0192307692307,1343.5,791.3947253280583,6.473684210526316,6.0,2.735942272227078,1220.4736842105262,673.0,986.0399681115621,712.578947368421,393.0,559.0423672862842,150.05263157894737,116.0,192.41490866360485,92.05263157894737,74.0,114.79424767054147,380.7894736842105,0.0,605.8483105849158,212.68421052631578,0.0,332.6917246126375,low
ENSG00000234394,424.0,401.0,250.0,559.0,476.0,564.0,247.0,346.0,495.0,107.0,289.0,250.0,670.0,343.0,416.0,542.0,398.0,491.0,190.0,442.0,544.0,866.0,274.0,364.0,240.0,190.0,282.0,281.0,362.0,405.0,242.0,247.0,317.0,458.0,401.0,347.0,157.0,181.0,166.0,93.0,382.0,149.0,709.0,563.0,241.0,482.0,512.0,317.0,496.0,283.0,300.0,623.0,344.0,437.0,305.0,453.0,406.0,151.0,523.0,458.0,429.0,309.0,368.0,540.0,24099,11293,92.85714285714286,14,506.5,319.5,598.2576946690859,266.57142857142856,154.5,300.48056747245977,3,81.34920634920636,83.33333333333334,5.625970983634057,2072.7857142857147,1209.0,2995.123605477396,5.666666666666667,6.0,1.5275252316519465,3322.3333333333335,3372.0,1087.3510625981535,1715.0,1632.0,558.1478298802209,0.0,0.0,0.0,0.0,0.0,0.0,0.0,0.0,0.0,0.0,0.0,0.0,low
ENSG00000149182,205.0,186.0,98.0,129.0,210.0,319.0,251.0,181.0,148.0,44.0,154.0,160.0,80.0,167.0,117.0,152.0,166.0,304.0,136.0,147.0,253.0,359.0,312.0,254.0,186.0,84.0,325.0,305.0,122.0,311.0,164.0,182.0,135.0,338.0,183.0,143.0,52.0,113.0,84.0,66.0,266.0,126.0,257.0,333.0,112.0,426.0,295.0,282.0,112.0,133.0,88.0,97.0,238.0,387.0,254.0,278.0,199.0,61.0,246.0,317.0,116.0,253.0,247.0,377.0,12827,6823,100.0,88,164.68181818181816,100.0,236.97216216811887,92.85227272727272,56.0,131.18571023357683,30,100.0,100.0,0.0,1030.597826086957,741.0,1126.4674903303714,7.133333333333334,6.5,3.8212954414144313,977.3666666666666,719.5,729.3406792691476,552.7,399.5,424.2064518522832,40.63333333333334,0.0,88.80916515817472,28.866666666666664,0.0,66.20122581078522,251.76666666666668,0.0,406.0581479791162,142.6,0.0,230.09302466611197,low
ENSG00000278373,361.0,147.0,149.0,256.0,167.0,125.0,93.0,164.0,174.0,13.0,97.0,163.0,186.0,167.0,116.0,265.0,164.0,107.0,85.0,110.0,105.0,66.0,74.0,86.0,112.0,14.0,76.0,118.0,110.0,121.0,79.0,134.0,172.0,161.0,115.0,176.0,20.0,19.0,12.0,15.0,155.0,20.0,90.0,128.0,118.0,161.0,134.0,214.0,216.0,134.0,98.0,192.0,175.0,121.0,141.0,179.0,183.0,19.0,130.0,218.0,226.0,167.0,220.0,421.0,8756,3272,100.0,16,395.5,194.5,602.3781757888202,173.5625,83.0,259.60815825650263,5,100.0,100.0,0.0,2135.3846153846152,1951.0,1421.7911554597565,3.6,4.0,1.140175425099138,1310.0,1214.0,960.1538939149286,577.0,547.0,396.07322555305353,35.8,39.0,36.42389325703665,14.0,14.0,15.540270267920054,600.4,139.0,1102.11129202091,261.4,72.0,460.12150569170313,low
ENSG00000117868,2984.0,1713.0,1203.0,1915.0,1878.0,1684.0,1407.0,1750.0,1753.0,434.0,1144.0,1560.0,1588.0,1530.0,1061.0,2289.0,1691.0,1648.0,937.0,1243.0,1502.0,1409.0,1308.0,1280.0,1326.0,519.0,1456.0,1513.0,1139.0,1976.0,1105.0,1894.0,1278.0,2100.0,1704.0,1599.0,329.0,473.0,534.0,555.0,1651.0,506.0,1347.0,1903.0,970.0,2184.0,1923.0,2068.0,1861.0,1258.0,1047.0,1711.0,1810.0,1933.0,1565.0,2530.0,1951.0,432.0,1460.0,2169.0,2180.0,2148.0,1923.0,4316.0,99259,43071,100.0,45,239.4444444444445,99.0,492.09854683587497,119.51111111111109,47.0,211.81602461293684,6,100.0,100.0,0.0,4937.617283950616,2073.0,7310.654817743585,14.5,14.5,9.396807968666806,2546.0,2428.0,1997.7210015415067,1260.3333333333333,1247.5,946.7372743621466,11.0,0.0,26.94438717061496,8.666666666666668,0.0,21.228911104120876,634.6666666666667,0.0,1284.9396354174255,254.16666666666666,0.0,525.1873633920247,low
ENSG00000196653,300.0,197.0,137.0,234.0,259.0,178.0,157.0,191.0,205.0,20.0,132.0,201.0,193.0,194.0,146.0,298.0,211.0,212.0,102.0,161.0,171.0,124.0,112.0,120.0,130.0,30.0,141.0,151.0,140.0,179.0,101.0,180.0,166.0,220.0,171.0,205.0,27.0,27.0,29.0,25.0,191.0,30.0,129.0,218.0,140.0,248.0,192.0,262.0,192.0,156.0,147.0,231.0,229.0,198.0,154.0,264.0,236.0,28.0,166.0,272.0,253.0,224.0,263.0,587.0,11189,4545,90.0,10,900.8,108.0,1249.0369445652475,382.3,62.0,511.6107569888135,4,68.75,66.66666666666666,4.1666666666666705,3552.3333333333335,1847.0,3325.389300518061,3.25,3.0,0.5,2337.5,2743.5,1239.8184006807878,994.0,1170.5,512.7878053672233,174.75,157.5,55.99627963832359,96.25,89.0,24.01908963026423,820.25,951.0,678.7622927063642,352.0,416.5,278.20735672036665,low
ENSG00000131351,653.0,423.0,279.0,314.0,455.0,590.0,439.0,444.0,380.0,110.0,366.0,328.0,239.0,380.0,294.0,406.0,394.0,578.0,271.0,336.0,489.0,554.0,484.0,430.0,440.0,162.0,466.0,469.0,236.0,602.0,333.0,393.0,385.0,662.0,435.0,378.0,125.0,143.0,149.0,126.0,574.0,156.0,529.0,594.0,214.0,731.0,569.0,449.0,238.0,265.0,199.0,291.0,510.0,670.0,465.0,564.0,466.0,114.0,492.0,572.0,304.0,496.0,448.0,845.0,25897,12856,100.0,37,249.97297297297303,99.0,434.3002984678335,133.86486486486487,54.0,228.51199362666114,8,100.0,100.0,0.0,2641.3076923076924,2814.0,1994.316950624326,7.5,9.5,4.20883424647321,1452.5,1300.0,845.113179233578,767.875,700.0,448.7456923788477,304.375,11.0,698.3022140469391,171.125,6.5,373.419120139441,228.25,109.5,334.0131520079497,110.75,34.5,179.41313059130155,low
ENSG00000129071,368.0,223.0,108.0,224.0,215.0,135.0,151.0,173.0,124.0,18.0,111.0,157.0,169.0,156.0,128.0,237.0,196.0,147.0,92.0,125.0,142.0,106.0,80.0,129.0,125.0,33.0,95.0,122.0,117.0,156.0,94.0,146.0,153.0,175.0,107.0,160.0,25.0,33.0,21.0,25.0,154.0,24.0,116.0,153.0,106.0,183.0,136.0,209.0,207.0,129.0,103.0,181.0,178.0,183.0,123.0,186.0,192.0,29.0,125.0,201.0,228.0,175.0,189.0,423.0,9236,3685,100.0,35,275.65714285714284,211.0,217.03929474218455,126.6,101.0,90.81726967151255,10,100.0,100.0,0.0,1623.9772727272727,1245.5,1286.5261408534868,5.4,5.5,2.412928142780514,1372.1,1163.5,885.7101921308372,609.5,553.5,377.9309901732502,118.8,134.0,119.20551814222173,79.0,91.0,78.13094421830856,255.5,287.5,243.24439013743634,99.5,114.5,93.60703914651813,low
ENSG00000065328,1601.0,941.0,612.0,1014.0,1044.0,937.0,800.0,850.0,821.0,156.0,591.0,729.0,785.0,815.0,704.0,1104.0,888.0,946.0,463.0,708.0,831.0,756.0,720.0,665.0,749.0,182.0,712.0,816.0,580.0,918.0,482.0,774.0,801.0,1088.0,735.0,843.0,140.0,193.0,145.0,174.0,964.0,153.0,671.0,947.0,599.0,1141.0,864.0,951.0,879.0,656.0,487.0,843.0,990.0,1085.0,794.0,1065.0,933.0,161.0,761.0,1063.0,901.0,1060.0,868.0,1900.0,49551,21599,100.0,35,276.1714285714286,141.0,435.81920736998853,119.4,59.0,158.64522016862958,7,100.0,100.0,0.0,2484.777777777778,2473.0,1810.0228696153172,10.0,4.0,8.774964387392123,2106.4285714285716,900.0,1925.8379870541946,949.7142857142857,461.0,835.4778501523772,81.0,75.0,95.5789377077049,41.142857142857146,37.0,47.5269347192676,594.8571428571429,0.0,885.2554110860564,217.28571428571428,0.0,320.5415803946577,low
ENSG00000157601,1045.0,748.0,488.0,624.0,838.0,850.0,628.0,621.0,728.0,143.0,526.0,544.0,510.0,680.0,446.0,737.0,703.0,801.0,445.0,524.0,788.0,851.0,608.0,597.0,625.0,175.0,625.0,612.0,376.0,763.0,421.0,578.0,628.0,951.0,631.0,681.0,134.0,210.0,140.0,167.0,801.0,202.0,663.0,809.0,385.0,956.0,745.0,696.0,529.0,437.0,377.0,544.0,713.0,933.0,660.0,753.0,738.0,131.0,661.0,817.0,616.0,660.0,735.0,1158.0,38911,18292,100.0,54,245.53703703703704,137.5,336.8227635924776,130.87037037037035,68.5,176.46187746893162,18,100.0,100.0,0.0,1935.2280701754385,1442.0,1625.5642072128262,7.333333333333334,5.5,5.455703976789149,1379.2222222222222,879.5,1112.8566080431744,723.9444444444445,456.0,588.4129674484052,244.66666666666669,222.0,285.1305170701759,135.05555555555554,111.0,158.30330984694143,125.27777777777777,0.0,207.92470513754722,64.44444444444444,0.0,106.97565540660736,low
ENSG00000149743,27.0,39.0,18.0,10.0,40.0,69.0,53.0,28.0,20.0,10.0,45.0,37.0,9.0,30.0,18.0,12.0,29.0,59.0,33.0,22.0,53.0,78.0,61.0,42.0,50.0,25.0,71.0,50.0,13.0,40.0,41.0,22.0,24.0,75.0,46.0,27.0,14.0,23.0,25.0,14.0,73.0,29.0,122.0,91.0,20.0,95.0,64.0,46.0,14.0,16.0,15.0,10.0,36.0,64.0,57.0,32.0,29.0,12.0,77.0,47.0,14.0,24.0,42.0,23.0,2456,1477,100.0,47,181.14893617021278,124.0,187.0296394464053,106.65957446808511,64.0,114.45927253560632,16,100.0,100.0,0.0,568.6363636363637,432.0,339.92807548582465,5.125,5.0,1.9958289839896939,893.3125,774.5,478.7146288064877,530.375,466.0,296.05402097139864,64.6875,0.0,89.23505944040903,45.8125,0.0,63.5937300368519,31.875,0.0,50.061129298755006,8.0,0.0,17.832554500127006,low
ENSG00000141349,78.0,78.0,46.0,44.0,90.0,119.0,116.0,80.0,72.0,18.0,80.0,80.0,35.0,60.0,68.0,72.0,48.0,114.0,56.0,52.0,97.0,139.0,150.0,80.0,98.0,28.0,154.0,114.0,52.0,108.0,54.0,56.0,77.0,156.0,113.0,81.0,11.0,36.0,35.0,19.0,135.0,34.0,171.0,185.0,61.0,171.0,164.0,132.0,43.0,56.0,35.0,58.0,73.0,172.0,93.0,91.0,122.0,21.0,120.0,149.0,44.0,90.0,126.0,198.0,5610,2982,100.0,29,349.72413793103453,153.0,557.0399380752133,201.3103448275862,95.0,285.000514216112,8,100.0,100.0,0.0,805.0689655172414,229.0,1028.2326005278073,4.625,5.5,2.065879266282796,1382.5,1192.0,777.7015586236885,795.5,720.0,380.47451576006654,119.625,144.5,110.89111454807498,84.5,103.0,78.15552260899875,447.625,264.0,517.4116729314427,261.75,147.5,304.21080566888855,low
ENSG00000013364,800.0,446.0,303.0,302.0,534.0,811.0,547.0,403.0,410.0,87.0,420.0,417.0,178.0,356.0,327.0,307.0,403.0,743.0,337.0,318.0,604.0,733.0,706.0,490.0,526.0,152.0,607.0,559.0,225.0,610.0,309.0,299.0,399.0,818.0,480.0,389.0,113.0,165.0,118.0,103.0,687.0,164.0,603.0,696.0,266.0,868.0,584.0,451.0,248.0,288.0,214.0,159.0,550.0,824.0,473.0,447.0,463.0,96.0,520.0,497.0,240.0,460.0,356.0,636.0,27646,14525,100.0,61,189.04918032786887,127.0,218.8491433407579,109.73770491803278,81.0,118.44758357452807,19,100.0,100.0,0.0,2869.56338028169,1137.0,3426.7550153477955,4.7368421052631575,4.0,3.812874466318873,874.7368421052631,561.0,813.2447931387273,512.1052631578948,329.0,489.760473739385,80.05263157894737,73.0,86.07391764202215,45.89473684210526,37.0,50.379553543125795,72.52631578947368,0.0,134.73528302277794,41.78947368421053,0.0,80.04413986973299,low
ENSG00000167755,258.0,222.0,113.0,150.0,303.0,399.0,184.0,140.0,210.0,43.0,165.0,132.0,96.0,178.0,120.0,105.0,233.0,366.0,168.0,164.0,373.0,370.0,218.0,167.0,191.0,43.0,187.0,150.0,68.0,234.0,117.0,94.0,160.0,343.0,187.0,132.0,49.0,49.0,32.0,39.0,265.0,49.0,247.0,332.0,91.0,272.0,343.0,151.0,92.0,95.0,82.0,53.0,207.0,309.0,137.0,167.0,156.0,34.0,294.0,243.0,67.0,136.0,147.0,120.0,11043,5885,100.0,21,280.0952380952381,184.0,216.51695193723396,157.28571428571428,129.0,110.61742306578239,8,100.0,100.0,0.0,2385.8611111111113,1805.0,1690.5614308824456,5.5,5.0,0.7559289460184544,1220.5,1239.0,339.1270305610316,695.25,702.0,185.810002806246,285.625,243.0,136.72489322932904,184.625,170.0,80.30288644518683,505.125,525.5,261.5308982018869,268.875,269.5,140.11162641673553,low
